{"0":{"정시확대":{"term":"정시확대","sentenceIndexes":[0,2,6,9]}},"1":{},"2":{"정시확대":{"term":"정시확대","sentenceIndexes":[0,2,6,9]}},"3":{"대표":{"term":"대표","sentenceIndexes":[3,5,12]}},"4":{"공부":{"term":"공부","sentenceIndexes":[4,12]}},"5":{"대표":{"term":"대표","sentenceIndexes":[3,5,12]},"자리":{"term":"자리","sentenceIndexes":[5,8]},"강성태":{"term":"강성태","sentenceIndexes":[5,12]}},"6":{"정시확대":{"term":"정시확대","sentenceIndexes":[0,2,6,9]}},"7":{},"8":{"자리":{"term":"자리","sentenceIndexes":[5,8]}},"9":{"정시확대":{"term":"정시확대","sentenceIndexes":[0,2,6,9]}},"10":{},"11":{"정시":{"term":"정시","sentenceIndexes":[11,12,13,19]},"수시":{"term":"수시","sentenceIndexes":[11,12,14,19,21]},"수험":{"term":"수험","sentenceIndexes":[11,12]}},"12":{"정시":{"term":"정시","sentenceIndexes":[11,12,13,19]},"수시":{"term":"수시","sentenceIndexes":[11,12,14,19,21]},"수험":{"term":"수험","sentenceIndexes":[11,12]},"공부":{"term":"공부","sentenceIndexes":[4,12]},"강성태":{"term":"강성태","sentenceIndexes":[5,12]},"대표":{"term":"대표","sentenceIndexes":[3,5,12]},"방식":{"term":"방식","sentenceIndexes":[12,13]},"학생":{"term":"학생","sentenceIndexes":[12,14,16,19,21,22,25,29,34,35,36,38,41,43,47]},"종합전형":{"term":"종합전형","sentenceIndexes":[12,14,19,21]},"학종":{"term":"학종","sentenceIndexes":[12,15,16]},"대학":{"term":"대학","sentenceIndexes":[12,20,21]}},"13":{"정시":{"term":"정시","sentenceIndexes":[11,12,13,19]},"방식":{"term":"방식","sentenceIndexes":[12,13]}},"14":{"수시":{"term":"수시","sentenceIndexes":[11,12,14,19,21]},"학생":{"term":"학생","sentenceIndexes":[12,14,16,19,21,22,25,29,34,35,36,38,41,43,47]},"종합전형":{"term":"종합전형","sentenceIndexes":[12,14,19,21]},"수능":{"term":"수능","sentenceIndexes":[14,19]},"시험":{"term":"시험","sentenceIndexes":[14,19]},"내신":{"term":"내신","sentenceIndexes":[14,19]},"종합":{"term":"종합","sentenceIndexes":[14,19]}},"15":{"학종":{"term":"학종","sentenceIndexes":[12,15,16]},"스카이대학":{"term":"스카이대학","sentenceIndexes":[15,17]},"전형":{"term":"전형","sentenceIndexes":[15,19,20]},"확장":{"term":"확장","sentenceIndexes":[15,21]}},"16":{"학생":{"term":"학생","sentenceIndexes":[12,14,16,19,21,22,25,29,34,35,36,38,41,43,47]},"학종":{"term":"학종","sentenceIndexes":[12,15,16]}},"17":{"스카이대학":{"term":"스카이대학","sentenceIndexes":[15,17]}},"18":{},"19":{"정시":{"term":"정시","sentenceIndexes":[11,12,13,19]},"수능":{"term":"수능","sentenceIndexes":[14,19]},"시험":{"term":"시험","sentenceIndexes":[14,19]},"수시":{"term":"수시","sentenceIndexes":[11,12,14,19,21]},"전형":{"term":"전형","sentenceIndexes":[15,19,20]},"학생":{"term":"학생","sentenceIndexes":[12,14,16,19,21,22,25,29,34,35,36,38,41,43,47]},"종합전형":{"term":"종합전형","sentenceIndexes":[12,14,19,21]},"내신":{"term":"내신","sentenceIndexes":[14,19]},"종합":{"term":"종합","sentenceIndexes":[14,19]},"선생":{"term":"선생","sentenceIndexes":[19,25]}},"20":{"대학":{"term":"대학","sentenceIndexes":[12,20,21]},"전형":{"term":"전형","sentenceIndexes":[15,19,20]}},"21":{"학생":{"term":"학생","sentenceIndexes":[12,14,16,19,21,22,25,29,34,35,36,38,41,43,47]},"종합전형":{"term":"종합전형","sentenceIndexes":[12,14,19,21]},"대학":{"term":"대학","sentenceIndexes":[12,20,21]},"수시":{"term":"수시","sentenceIndexes":[11,12,14,19,21]},"확장":{"term":"확장","sentenceIndexes":[15,21]}},"22":{"학생":{"term":"학생","sentenceIndexes":[12,14,16,19,21,22,25,29,34,35,36,38,41,43,47]}},"23":{"의견":{"term":"의견","sentenceIndexes":[23,25]}},"24":{},"25":{"의견":{"term":"의견","sentenceIndexes":[23,25]},"선생":{"term":"선생","sentenceIndexes":[19,25]},"학생":{"term":"학생","sentenceIndexes":[12,14,16,19,21,22,25,29,34,35,36,38,41,43,47]}},"26":{"토론":{"term":"토론","sentenceIndexes":[26,27]}},"27":{"토론":{"term":"토론","sentenceIndexes":[26,27]}},"28":{},"29":{"학생":{"term":"학생","sentenceIndexes":[12,14,16,19,21,22,25,29,34,35,36,38,41,43,47]}},"30":{},"31":{"이유":{"term":"이유","sentenceIndexes":[31,35]}},"32":{},"33":{},"34":{"학생":{"term":"학생","sentenceIndexes":[12,14,16,19,21,22,25,29,34,35,36,38,41,43,47]},"학부모":{"term":"학부모","sentenceIndexes":[34,36,38]}},"35":{"이유":{"term":"이유","sentenceIndexes":[31,35]},"학생":{"term":"학생","sentenceIndexes":[12,14,16,19,21,22,25,29,34,35,36,38,41,43,47]},"이야기":{"term":"이야기","sentenceIndexes":[35,36,47]}},"36":{"이야기":{"term":"이야기","sentenceIndexes":[35,36,47]},"학생":{"term":"학생","sentenceIndexes":[12,14,16,19,21,22,25,29,34,35,36,38,41,43,47]},"학부모":{"term":"학부모","sentenceIndexes":[34,36,38]},"혼란":{"term":"혼란","sentenceIndexes":[36,38]},"상황":{"term":"상황","sentenceIndexes":[36,40,48]},"확대":{"term":"확대","sentenceIndexes":[36,43,54,57,64,72,78,84,88]},"정시":{"term":"정시","sentenceIndexes":[36,43]}},"37":{},"38":{"학생":{"term":"학생","sentenceIndexes":[12,14,16,19,21,22,25,29,34,35,36,38,41,43,47]},"학부모":{"term":"학부모","sentenceIndexes":[34,36,38]},"혼란":{"term":"혼란","sentenceIndexes":[36,38]}},"39":{},"40":{"상황":{"term":"상황","sentenceIndexes":[36,40,48]},"계층":{"term":"계층","sentenceIndexes":[40,43,49]},"문제":{"term":"문제","sentenceIndexes":[40,43,49,59,60,61,64,70,73,75,76]}},"41":{"학생":{"term":"학생","sentenceIndexes":[12,14,16,19,21,22,25,29,34,35,36,38,41,43,47]}},"42":{},"43":{"학생":{"term":"학생","sentenceIndexes":[12,14,16,19,21,22,25,29,34,35,36,38,41,43,47]},"확대":{"term":"확대","sentenceIndexes":[36,43,54,57,64,72,78,84,88]},"계층":{"term":"계층","sentenceIndexes":[40,43,49]},"정시":{"term":"정시","sentenceIndexes":[36,43]},"문제":{"term":"문제","sentenceIndexes":[40,43,49,59,60,61,64,70,73,75,76]}},"44":{"다음":{"term":"다음","sentenceIndexes":[44,52]}},"45":{"정시확대":{"term":"정시확대","sentenceIndexes":[45,48,49]}},"46":{"박도순":{"term":"박도순","sentenceIndexes":[46,47]},"수능":{"term":"수능","sentenceIndexes":[46,47]},"창시":{"term":"창시","sentenceIndexes":[46,47]},"언급":{"term":"언급","sentenceIndexes":[46,47]},"학교":{"term":"학교","sentenceIndexes":[46,51,52]}},"47":{"박도순":{"term":"박도순","sentenceIndexes":[46,47]},"수능":{"term":"수능","sentenceIndexes":[46,47]},"창시":{"term":"창시","sentenceIndexes":[46,47]},"이야기":{"term":"이야기","sentenceIndexes":[35,36,47]},"학생":{"term":"학생","sentenceIndexes":[12,14,16,19,21,22,25,29,34,35,36,38,41,43,47]},"언급":{"term":"언급","sentenceIndexes":[46,47]}},"48":{"상황":{"term":"상황","sentenceIndexes":[36,40,48]},"정시확대":{"term":"정시확대","sentenceIndexes":[45,48,49]},"기사":{"term":"기사","sentenceIndexes":[48,49]}},"49":{"정시확대":{"term":"정시확대","sentenceIndexes":[45,48,49]},"기사":{"term":"기사","sentenceIndexes":[48,49]},"계층":{"term":"계층","sentenceIndexes":[40,43,49]},"문제":{"term":"문제","sentenceIndexes":[40,43,49,59,60,61,64,70,73,75,76]}},"50":{},"51":{"학교":{"term":"학교","sentenceIndexes":[46,51,52]},"반응":{"term":"반응","sentenceIndexes":[51,52]},"선생":{"term":"선생","sentenceIndexes":[51,54,64]}},"52":{"다음":{"term":"다음","sentenceIndexes":[44,52]},"반응":{"term":"반응","sentenceIndexes":[51,52]},"학교":{"term":"학교","sentenceIndexes":[46,51,52]},"이현":{"term":"이현","sentenceIndexes":[52,53]},"대표":{"term":"대표","sentenceIndexes":[52,53,56]}},"53":{"이현":{"term":"이현","sentenceIndexes":[52,53]},"대표":{"term":"대표","sentenceIndexes":[52,53,56]}},"54":{"선생":{"term":"선생","sentenceIndexes":[51,54,64]},"확대":{"term":"확대","sentenceIndexes":[36,43,54,57,64,72,78,84,88]},"전형":{"term":"전형","sentenceIndexes":[54,56,57]},"필요":{"term":"필요","sentenceIndexes":[54,57,63,64]}},"55":{"학종":{"term":"학종","sentenceIndexes":[55,59,61,62]}},"56":{"전형":{"term":"전형","sentenceIndexes":[54,56,57]},"대표":{"term":"대표","sentenceIndexes":[52,53,56]}},"57":{"전형":{"term":"전형","sentenceIndexes":[54,56,57]},"확대":{"term":"확대","sentenceIndexes":[36,43,54,57,64,72,78,84,88]},"필요":{"term":"필요","sentenceIndexes":[54,57,63,64]}},"58":{},"59":{"학종":{"term":"학종","sentenceIndexes":[55,59,61,62]},"문제":{"term":"문제","sentenceIndexes":[40,43,49,59,60,61,64,70,73,75,76]}},"60":{"문제":{"term":"문제","sentenceIndexes":[40,43,49,59,60,61,64,70,73,75,76]},"학생":{"term":"학생","sentenceIndexes":[60,62,72,75,77,84,85,88]},"대상":{"term":"대상","sentenceIndexes":[60,62]}},"61":{"문제":{"term":"문제","sentenceIndexes":[40,43,49,59,60,61,64,70,73,75,76]},"학종":{"term":"학종","sentenceIndexes":[55,59,61,62]},"일반":{"term":"일반","sentenceIndexes":[61,62]}},"62":{"일반":{"term":"일반","sentenceIndexes":[61,62]},"학생":{"term":"학생","sentenceIndexes":[60,62,72,75,77,84,85,88]},"대상":{"term":"대상","sentenceIndexes":[60,62]},"학종":{"term":"학종","sentenceIndexes":[55,59,61,62]}},"63":{"필요":{"term":"필요","sentenceIndexes":[54,57,63,64]}},"64":{"확대":{"term":"확대","sentenceIndexes":[36,43,54,57,64,72,78,84,88]},"필요":{"term":"필요","sentenceIndexes":[54,57,63,64]},"선생":{"term":"선생","sentenceIndexes":[51,54,64]},"문제":{"term":"문제","sentenceIndexes":[40,43,49,59,60,61,64,70,73,75,76]},"여론조사":{"term":"여론조사","sentenceIndexes":[64,65]},"정시":{"term":"정시","sentenceIndexes":[64,71,74,75,76,77,78]}},"65":{"여론조사":{"term":"여론조사","sentenceIndexes":[64,65]}},"66":{"의견":{"term":"의견","sentenceIndexes":[66,77]}},"67":{},"68":{"반응":{"term":"반응","sentenceIndexes":[68,74,76]},"학교":{"term":"학교","sentenceIndexes":[68,77]}},"69":{"그림":{"term":"그림","sentenceIndexes":[69,70]}},"70":{"문제":{"term":"문제","sentenceIndexes":[40,43,49,59,60,61,64,70,73,75,76]},"그림":{"term":"그림","sentenceIndexes":[69,70]},"교육":{"term":"교육","sentenceIndexes":[70,71]},"해결":{"term":"해결","sentenceIndexes":[70,76]}},"71":{"정시":{"term":"정시","sentenceIndexes":[64,71,74,75,76,77,78]},"교육":{"term":"교육","sentenceIndexes":[70,71]},"중심":{"term":"중심","sentenceIndexes":[71,72]}},"72":{"학생":{"term":"학생","sentenceIndexes":[60,62,72,75,77,84,85,88]},"중심":{"term":"중심","sentenceIndexes":[71,72]},"확대":{"term":"확대","sentenceIndexes":[36,43,54,57,64,72,78,84,88]},"수시":{"term":"수시","sentenceIndexes":[72,73,75,80,81]}},"73":{"수시":{"term":"수시","sentenceIndexes":[72,73,75,80,81]},"문제":{"term":"문제","sentenceIndexes":[40,43,49,59,60,61,64,70,73,75,76]}},"74":{"반응":{"term":"반응","sentenceIndexes":[68,74,76]},"정시":{"term":"정시","sentenceIndexes":[64,71,74,75,76,77,78]},"전형":{"term":"전형","sentenceIndexes":[74,75,81,88]},"정시위주":{"term":"정시위주","sentenceIndexes":[74,78]}},"75":{"수시":{"term":"수시","sentenceIndexes":[72,73,75,80,81]},"문제":{"term":"문제","sentenceIndexes":[40,43,49,59,60,61,64,70,73,75,76]},"정시":{"term":"정시","sentenceIndexes":[64,71,74,75,76,77,78]},"학생":{"term":"학생","sentenceIndexes":[60,62,72,75,77,84,85,88]},"전형":{"term":"전형","sentenceIndexes":[74,75,81,88]},"예전":{"term":"예전","sentenceIndexes":[75,78]}},"76":{"문제":{"term":"문제","sentenceIndexes":[40,43,49,59,60,61,64,70,73,75,76]},"해결":{"term":"해결","sentenceIndexes":[70,76]},"정시":{"term":"정시","sentenceIndexes":[64,71,74,75,76,77,78]},"반응":{"term":"반응","sentenceIndexes":[68,74,76]},"학종":{"term":"학종","sentenceIndexes":[76,82,90]}},"77":{"학생":{"term":"학생","sentenceIndexes":[60,62,72,75,77,84,85,88]},"정시":{"term":"정시","sentenceIndexes":[64,71,74,75,76,77,78]},"의견":{"term":"의견","sentenceIndexes":[66,77]},"학교":{"term":"학교","sentenceIndexes":[68,77]},"선생":{"term":"선생","sentenceIndexes":[77,80]}},"78":{"확대":{"term":"확대","sentenceIndexes":[36,43,54,57,64,72,78,84,88]},"정시":{"term":"정시","sentenceIndexes":[64,71,74,75,76,77,78]},"예전":{"term":"예전","sentenceIndexes":[75,78]},"정시위주":{"term":"정시위주","sentenceIndexes":[74,78]}},"79":{},"80":{"선생":{"term":"선생","sentenceIndexes":[77,80]},"수시":{"term":"수시","sentenceIndexes":[72,73,75,80,81]},"입장":{"term":"입장","sentenceIndexes":[80,82,83,84]},"전교조":{"term":"전교조","sentenceIndexes":[80,83,84]}},"81":{"수시":{"term":"수시","sentenceIndexes":[72,73,75,80,81]},"전형":{"term":"전형","sentenceIndexes":[74,75,81,88]}},"82":{"학종":{"term":"학종","sentenceIndexes":[76,82,90]},"입장":{"term":"입장","sentenceIndexes":[80,82,83,84]},"설명":{"term":"설명","sentenceIndexes":[82,83]}},"83":{"전교조":{"term":"전교조","sentenceIndexes":[80,83,84]},"입장":{"term":"입장","sentenceIndexes":[80,82,83,84]},"설명":{"term":"설명","sentenceIndexes":[82,83]}},"84":{"전교조":{"term":"전교조","sentenceIndexes":[80,83,84]},"입장":{"term":"입장","sentenceIndexes":[80,82,83,84]},"학생":{"term":"학생","sentenceIndexes":[60,62,72,75,77,84,85,88]},"확대":{"term":"확대","sentenceIndexes":[36,43,54,57,64,72,78,84,88]},"교과전형":{"term":"교과전형","sentenceIndexes":[84,85,88]},"공식입장":{"term":"공식입장","sentenceIndexes":[84,88]}},"85":{"학생":{"term":"학생","sentenceIndexes":[60,62,72,75,77,84,85,88]},"교과전형":{"term":"교과전형","sentenceIndexes":[84,85,88]}},"86":{},"87":{},"88":{"확대":{"term":"확대","sentenceIndexes":[36,43,54,57,64,72,78,84,88]},"학생":{"term":"학생","sentenceIndexes":[60,62,72,75,77,84,85,88]},"교과전형":{"term":"교과전형","sentenceIndexes":[84,85,88]},"전형":{"term":"전형","sentenceIndexes":[74,75,81,88]},"공식입장":{"term":"공식입장","sentenceIndexes":[84,88]},"다음":{"term":"다음","sentenceIndexes":[88,89]}},"89":{"다음":{"term":"다음","sentenceIndexes":[88,89]},"여론조사":{"term":"여론조사","sentenceIndexes":[89,90]},"국민":{"term":"국민","sentenceIndexes":[89,90]},"학교":{"term":"학교","sentenceIndexes":[89,90,91,96,97,98,100]},"기능":{"term":"기능","sentenceIndexes":[89,90]}},"90":{"여론조사":{"term":"여론조사","sentenceIndexes":[89,90]},"학종":{"term":"학종","sentenceIndexes":[76,82,90]},"국민":{"term":"국민","sentenceIndexes":[89,90]},"학교":{"term":"학교","sentenceIndexes":[89,90,91,96,97,98,100]},"기능":{"term":"기능","sentenceIndexes":[89,90]}},"91":{"학교":{"term":"학교","sentenceIndexes":[89,90,91,96,97,98,100]},"지식":{"term":"지식","sentenceIndexes":[91,97]}},"92":{},"93":{"반대":{"term":"반대","sentenceIndexes":[93,101]}},"94":{"선발":{"term":"선발","sentenceIndexes":[94,95]},"대학":{"term":"대학","sentenceIndexes":[94,96,98,101]},"인문":{"term":"인문","sentenceIndexes":[94,98]},"고등학교":{"term":"고등학교","sentenceIndexes":[94,98,99]}},"95":{"선발":{"term":"선발","sentenceIndexes":[94,95]}},"96":{"학교":{"term":"학교","sentenceIndexes":[89,90,91,96,97,98,100]},"대학":{"term":"대학","sentenceIndexes":[94,96,98,101]},"평가":{"term":"평가","sentenceIndexes":[96,101]}},"97":{"학교":{"term":"학교","sentenceIndexes":[89,90,91,96,97,98,100]},"지식":{"term":"지식","sentenceIndexes":[91,97]}},"98":{"인문":{"term":"인문","sentenceIndexes":[94,98]},"고등학교":{"term":"고등학교","sentenceIndexes":[94,98,99]},"대학":{"term":"대학","sentenceIndexes":[94,96,98,101]},"학교":{"term":"학교","sentenceIndexes":[89,90,91,96,97,98,100]}},"99":{"고등학교":{"term":"고등학교","sentenceIndexes":[94,98,99]}},"100":{"학교":{"term":"학교","sentenceIndexes":[89,90,91,96,97,98,100]},"공부":{"term":"공부","sentenceIndexes":[100,101]}},"101":{"공부":{"term":"공부","sentenceIndexes":[100,101]},"평가":{"term":"평가","sentenceIndexes":[96,101]},"대학":{"term":"대학","sentenceIndexes":[94,96,98,101]},"반대":{"term":"반대","sentenceIndexes":[93,101]}},"102":{},"103":{},"104":{},"105":{"내신":{"term":"내신","sentenceIndexes":[105,110,120,122,125,126,129,139,140,147]},"학생":{"term":"학생","sentenceIndexes":[105,115,126,131,140,144,148,151,152,157,158,159,161,164,166,173,180,181,186,192]}},"106":{"판넬":{"term":"판넬","sentenceIndexes":[106,108]}},"107":{},"108":{"판넬":{"term":"판넬","sentenceIndexes":[106,108]}},"109":{},"110":{"내신":{"term":"내신","sentenceIndexes":[105,110,120,122,125,126,129,139,140,147]}},"111":{"시험":{"term":"시험","sentenceIndexes":[111,115]}},"112":{},"113":{},"114":{"공신":{"term":"공신","sentenceIndexes":[114,117]}},"115":{"시험":{"term":"시험","sentenceIndexes":[111,115]},"학생":{"term":"학생","sentenceIndexes":[105,115,126,131,140,144,148,151,152,157,158,159,161,164,166,173,180,181,186,192]}},"116":{},"117":{"공신":{"term":"공신","sentenceIndexes":[114,117]}},"118":{},"119":{},"120":{"내신":{"term":"내신","sentenceIndexes":[105,110,120,122,125,126,129,139,140,147]}},"121":{},"122":{"내신":{"term":"내신","sentenceIndexes":[105,110,120,122,125,126,129,139,140,147]},"변화":{"term":"변화","sentenceIndexes":[122,126]}},"123":{},"124":{},"125":{"내신":{"term":"내신","sentenceIndexes":[105,110,120,122,125,126,129,139,140,147]},"수능":{"term":"수능","sentenceIndexes":[125,126,129,134,135]}},"126":{"내신":{"term":"내신","sentenceIndexes":[105,110,120,122,125,126,129,139,140,147]},"학생":{"term":"학생","sentenceIndexes":[105,115,126,131,140,144,148,151,152,157,158,159,161,164,166,173,180,181,186,192]},"변화":{"term":"변화","sentenceIndexes":[122,126]},"수능":{"term":"수능","sentenceIndexes":[125,126,129,134,135]},"수업":{"term":"수업","sentenceIndexes":[126,130]},"반면":{"term":"반면","sentenceIndexes":[126,134]}},"127":{"차이":{"term":"차이","sentenceIndexes":[127,129]}},"128":{},"129":{"수능":{"term":"수능","sentenceIndexes":[125,126,129,134,135]},"내신":{"term":"내신","sentenceIndexes":[105,110,120,122,125,126,129,139,140,147]},"차이":{"term":"차이","sentenceIndexes":[127,129]},"출제":{"term":"출제","sentenceIndexes":[129,133]},"자체":{"term":"자체","sentenceIndexes":[129,138]}},"130":{"수업":{"term":"수업","sentenceIndexes":[126,130]},"선생":{"term":"선생","sentenceIndexes":[130,134]}},"131":{"학생":{"term":"학생","sentenceIndexes":[105,115,126,131,140,144,148,151,152,157,158,159,161,164,166,173,180,181,186,192]}},"132":{},"133":{"출제":{"term":"출제","sentenceIndexes":[129,133]},"문제":{"term":"문제","sentenceIndexes":[133,134,138,147,153,154,159,162]}},"134":{"반면":{"term":"반면","sentenceIndexes":[126,134]},"수능":{"term":"수능","sentenceIndexes":[125,126,129,134,135]},"선생":{"term":"선생","sentenceIndexes":[130,134]},"문제":{"term":"문제","sentenceIndexes":[133,134,138,147,153,154,159,162]},"퀄리티":{"term":"퀄리티","sentenceIndexes":[134,138]}},"135":{"수능":{"term":"수능","sentenceIndexes":[125,126,129,134,135]},"주입":{"term":"주입","sentenceIndexes":[135,144]}},"136":{},"137":{},"138":{"문제":{"term":"문제","sentenceIndexes":[133,134,138,147,153,154,159,162]},"퀄리티":{"term":"퀄리티","sentenceIndexes":[134,138]},"자체":{"term":"자체","sentenceIndexes":[129,138]}},"139":{"내신":{"term":"내신","sentenceIndexes":[105,110,120,122,125,126,129,139,140,147]}},"140":{"학생":{"term":"학생","sentenceIndexes":[105,115,126,131,140,144,148,151,152,157,158,159,161,164,166,173,180,181,186,192]},"내신":{"term":"내신","sentenceIndexes":[105,110,120,122,125,126,129,139,140,147]}},"141":{},"142":{},"143":{"수행평가":{"term":"수행평가","sentenceIndexes":[143,144,148]},"비율":{"term":"비율","sentenceIndexes":[143,144,153]},"과반":{"term":"과반","sentenceIndexes":[143,144]},"학교":{"term":"학교","sentenceIndexes":[143,145,147,152]},"현장":{"term":"현장","sentenceIndexes":[143,147]},"강성태":{"term":"강성태","sentenceIndexes":[143,152]}},"144":{"수행평가":{"term":"수행평가","sentenceIndexes":[143,144,148]},"주입":{"term":"주입","sentenceIndexes":[135,144]},"학생":{"term":"학생","sentenceIndexes":[105,115,126,131,140,144,148,151,152,157,158,159,161,164,166,173,180,181,186,192]},"비율":{"term":"비율","sentenceIndexes":[143,144,153]},"과반":{"term":"과반","sentenceIndexes":[143,144]},"수행":{"term":"수행","sentenceIndexes":[144,145]}},"145":{"학교":{"term":"학교","sentenceIndexes":[143,145,147,152]},"수행":{"term":"수행","sentenceIndexes":[144,145]},"지필고사":{"term":"지필고사","sentenceIndexes":[145,146]}},"146":{"지필고사":{"term":"지필고사","sentenceIndexes":[145,146]},"수준":{"term":"수준","sentenceIndexes":[146,147]},"단순암기":{"term":"단순암기","sentenceIndexes":[146,147]}},"147":{"학교":{"term":"학교","sentenceIndexes":[143,145,147,152]},"현장":{"term":"현장","sentenceIndexes":[143,147]},"수준":{"term":"수준","sentenceIndexes":[146,147]},"문제":{"term":"문제","sentenceIndexes":[133,134,138,147,153,154,159,162]},"내신":{"term":"내신","sentenceIndexes":[105,110,120,122,125,126,129,139,140,147]},"단순암기":{"term":"단순암기","sentenceIndexes":[146,147]},"선생":{"term":"선생","sentenceIndexes":[147,154]}},"148":{"수행평가":{"term":"수행평가","sentenceIndexes":[143,144,148]},"학생":{"term":"학생","sentenceIndexes":[105,115,126,131,140,144,148,151,152,157,158,159,161,164,166,173,180,181,186,192]},"논의":{"term":"논의","sentenceIndexes":[148,149]},"판단":{"term":"판단","sentenceIndexes":[148,156]}},"149":{"논의":{"term":"논의","sentenceIndexes":[148,149]}},"150":{},"151":{"학생":{"term":"학생","sentenceIndexes":[105,115,126,131,140,144,148,151,152,157,158,159,161,164,166,173,180,181,186,192]},"종합전형":{"term":"종합전형","sentenceIndexes":[151,152,157,158,159,161,166,173,180]}},"152":{"강성태":{"term":"강성태","sentenceIndexes":[143,152]},"학생":{"term":"학생","sentenceIndexes":[105,115,126,131,140,144,148,151,152,157,158,159,161,164,166,173,180,181,186,192]},"종합전형":{"term":"종합전형","sentenceIndexes":[151,152,157,158,159,161,166,173,180]},"학교":{"term":"학교","sentenceIndexes":[143,145,147,152]}},"153":{"비율":{"term":"비율","sentenceIndexes":[143,144,153]},"문제":{"term":"문제","sentenceIndexes":[133,134,138,147,153,154,159,162]},"예전":{"term":"예전","sentenceIndexes":[153,158,166]}},"154":{"선생":{"term":"선생","sentenceIndexes":[147,154]},"문제":{"term":"문제","sentenceIndexes":[133,134,138,147,153,154,159,162]},"부모":{"term":"부모","sentenceIndexes":[154,160]}},"155":{},"156":{"판단":{"term":"판단","sentenceIndexes":[148,156]}},"157":{"학생":{"term":"학생","sentenceIndexes":[105,115,126,131,140,144,148,151,152,157,158,159,161,164,166,173,180,181,186,192]},"종합전형":{"term":"종합전형","sentenceIndexes":[151,152,157,158,159,161,166,173,180]},"보완":{"term":"보완","sentenceIndexes":[157,158]}},"158":{"학생":{"term":"학생","sentenceIndexes":[105,115,126,131,140,144,148,151,152,157,158,159,161,164,166,173,180,181,186,192]},"종합전형":{"term":"종합전형","sentenceIndexes":[151,152,157,158,159,161,166,173,180]},"예전":{"term":"예전","sentenceIndexes":[153,158,166]},"보완":{"term":"보완","sentenceIndexes":[157,158]}},"159":{"학생":{"term":"학생","sentenceIndexes":[105,115,126,131,140,144,148,151,152,157,158,159,161,164,166,173,180,181,186,192]},"종합전형":{"term":"종합전형","sentenceIndexes":[151,152,157,158,159,161,166,173,180]},"문제":{"term":"문제","sentenceIndexes":[133,134,138,147,153,154,159,162]},"교과영역":{"term":"교과영역","sentenceIndexes":[159,160]}},"160":{"교과영역":{"term":"교과영역","sentenceIndexes":[159,160]},"부모":{"term":"부모","sentenceIndexes":[154,160]},"다음":{"term":"다음","sentenceIndexes":[160,162]}},"161":{"학생":{"term":"학생","sentenceIndexes":[105,115,126,131,140,144,148,151,152,157,158,159,161,164,166,173,180,181,186,192]},"종합전형":{"term":"종합전형","sentenceIndexes":[151,152,157,158,159,161,166,173,180]}},"162":{"다음":{"term":"다음","sentenceIndexes":[160,162]},"문제":{"term":"문제","sentenceIndexes":[133,134,138,147,153,154,159,162]},"최근":{"term":"최근","sentenceIndexes":[162,169]}},"163":{"제외":{"term":"제외","sentenceIndexes":[163,164]}},"164":{"제외":{"term":"제외","sentenceIndexes":[163,164]},"학생":{"term":"학생","sentenceIndexes":[105,115,126,131,140,144,148,151,152,157,158,159,161,164,166,173,180,181,186,192]},"작년":{"term":"작년","sentenceIndexes":[164,169,173]}},"165":{},"166":{"예전":{"term":"예전","sentenceIndexes":[153,158,166]},"학생":{"term":"학생","sentenceIndexes":[105,115,126,131,140,144,148,151,152,157,158,159,161,164,166,173,180,181,186,192]},"종합전형":{"term":"종합전형","sentenceIndexes":[151,152,157,158,159,161,166,173,180]},"과정":{"term":"과정","sentenceIndexes":[166,167,173,178,183,192]}},"167":{"과정":{"term":"과정","sentenceIndexes":[166,167,173,178,183,192]}},"168":{},"169":{"최근":{"term":"최근","sentenceIndexes":[162,169]},"작년":{"term":"작년","sentenceIndexes":[164,169,173]}},"170":{},"171":{},"172":{"용어":{"term":"용어","sentenceIndexes":[172,173]},"이해":{"term":"이해","sentenceIndexes":[172,173,175,176]}},"173":{"용어":{"term":"용어","sentenceIndexes":[172,173]},"이해":{"term":"이해","sentenceIndexes":[172,173,175,176]},"과정":{"term":"과정","sentenceIndexes":[166,167,173,178,183,192]},"작년":{"term":"작년","sentenceIndexes":[164,169,173]},"학생":{"term":"학생","sentenceIndexes":[105,115,126,131,140,144,148,151,152,157,158,159,161,164,166,173,180,181,186,192]},"종합전형":{"term":"종합전형","sentenceIndexes":[151,152,157,158,159,161,166,173,180]},"우수사례":{"term":"우수사례","sentenceIndexes":[173,177]},"열정":{"term":"열정","sentenceIndexes":[173,181]}},"174":{"내용":{"term":"내용","sentenceIndexes":[174,181]}},"175":{"이해":{"term":"이해","sentenceIndexes":[172,173,175,176]}},"176":{"이해":{"term":"이해","sentenceIndexes":[172,173,175,176]},"학교":{"term":"학교","sentenceIndexes":[176,178,181,183,185]}},"177":{"우수사례":{"term":"우수사례","sentenceIndexes":[173,177]}},"178":{"학교":{"term":"학교","sentenceIndexes":[176,178,181,183,185]},"과정":{"term":"과정","sentenceIndexes":[166,167,173,178,183,192]},"대학":{"term":"대학","sentenceIndexes":[178,185]}},"179":{"비교":{"term":"비교","sentenceIndexes":[179,180]}},"180":{"학생":{"term":"학생","sentenceIndexes":[105,115,126,131,140,144,148,151,152,157,158,159,161,164,166,173,180,181,186,192]},"종합전형":{"term":"종합전형","sentenceIndexes":[151,152,157,158,159,161,166,173,180]},"비교":{"term":"비교","sentenceIndexes":[179,180]}},"181":{"학교":{"term":"학교","sentenceIndexes":[176,178,181,183,185]},"내용":{"term":"내용","sentenceIndexes":[174,181]},"열정":{"term":"열정","sentenceIndexes":[173,181]},"학생":{"term":"학생","sentenceIndexes":[105,115,126,131,140,144,148,151,152,157,158,159,161,164,166,173,180,181,186,192]},"전공":{"term":"전공","sentenceIndexes":[181,184]}},"182":{},"183":{"학교":{"term":"학교","sentenceIndexes":[176,178,181,183,185]},"과정":{"term":"과정","sentenceIndexes":[166,167,173,178,183,192]},"선행":{"term":"선행","sentenceIndexes":[183,184]}},"184":{"전공":{"term":"전공","sentenceIndexes":[181,184]},"선행":{"term":"선행","sentenceIndexes":[183,184]}},"185":{"학교":{"term":"학교","sentenceIndexes":[176,178,181,183,185]},"대학":{"term":"대학","sentenceIndexes":[178,185]}},"186":{"학생":{"term":"학생","sentenceIndexes":[105,115,126,131,140,144,148,151,152,157,158,159,161,164,166,173,180,181,186,192]}},"187":{},"188":{"삭제":{"term":"삭제","sentenceIndexes":[188,192]}},"189":{"자기소개":{"term":"자기소개","sentenceIndexes":[189,190]}},"190":{"자기소개":{"term":"자기소개","sentenceIndexes":[189,190]}},"191":{},"192":{"과정":{"term":"과정","sentenceIndexes":[166,167,173,178,183,192]},"학생":{"term":"학생","sentenceIndexes":[105,115,126,131,140,144,148,151,152,157,158,159,161,164,166,173,180,181,186,192]},"삭제":{"term":"삭제","sentenceIndexes":[188,192]},"동안":{"term":"동안","sentenceIndexes":[192,201]}},"193":{},"194":{},"195":{},"196":{"학종":{"term":"학종","sentenceIndexes":[196,200,207,210,213,214,215,224,226,228,235]}},"197":{"자료":{"term":"자료","sentenceIndexes":[197,199]},"확인":{"term":"확인","sentenceIndexes":[197,206]}},"198":{},"199":{"자료":{"term":"자료","sentenceIndexes":[197,199]},"차별":{"term":"차별","sentenceIndexes":[199,206]},"제도":{"term":"제도","sentenceIndexes":[199,206]}},"200":{"학종":{"term":"학종","sentenceIndexes":[196,200,207,210,213,214,215,224,226,228,235]},"대학":{"term":"대학","sentenceIndexes":[200,206,209,214]},"일반":{"term":"일반","sentenceIndexes":[200,209,214,215,217,226]},"합격":{"term":"합격","sentenceIndexes":[200,209,214]}},"201":{"동안":{"term":"동안","sentenceIndexes":[192,201]}},"202":{},"203":{},"204":{},"205":{},"206":{"대학":{"term":"대학","sentenceIndexes":[200,206,209,214]},"차별":{"term":"차별","sentenceIndexes":[199,206]},"제도":{"term":"제도","sentenceIndexes":[199,206]},"확인":{"term":"확인","sentenceIndexes":[197,206]}},"207":{"학종":{"term":"학종","sentenceIndexes":[196,200,207,210,213,214,215,224,226,228,235]},"일반고":{"term":"일반고","sentenceIndexes":[207,210,213,215]},"유리":{"term":"유리","sentenceIndexes":[207,213,215]},"데이터":{"term":"데이터","sentenceIndexes":[207,213]}},"208":{},"209":{"대학":{"term":"대학","sentenceIndexes":[200,206,209,214]},"일반":{"term":"일반","sentenceIndexes":[200,209,214,215,217,226]},"합격":{"term":"합격","sentenceIndexes":[200,209,214]},"서울":{"term":"서울","sentenceIndexes":[209,210]},"학생":{"term":"학생","sentenceIndexes":[209,215]},"상위":{"term":"상위","sentenceIndexes":[209,218,222]}},"210":{"일반고":{"term":"일반고","sentenceIndexes":[207,210,213,215]},"서울":{"term":"서울","sentenceIndexes":[209,210]},"학종":{"term":"학종","sentenceIndexes":[196,200,207,210,213,214,215,224,226,228,235]}},"211":{},"212":{},"213":{"일반고":{"term":"일반고","sentenceIndexes":[207,210,213,215]},"학종":{"term":"학종","sentenceIndexes":[196,200,207,210,213,214,215,224,226,228,235]},"유리":{"term":"유리","sentenceIndexes":[207,213,215]},"데이터":{"term":"데이터","sentenceIndexes":[207,213]},"교육부":{"term":"교육부","sentenceIndexes":[213,217]},"자료":{"term":"자료","sentenceIndexes":[213,222]}},"214":{"학종":{"term":"학종","sentenceIndexes":[196,200,207,210,213,214,215,224,226,228,235]},"합격":{"term":"합격","sentenceIndexes":[200,209,214]},"대학":{"term":"대학","sentenceIndexes":[200,206,209,214]},"일반":{"term":"일반","sentenceIndexes":[200,209,214,215,217,226]},"비중":{"term":"비중","sentenceIndexes":[214,217]},"수능":{"term":"수능","sentenceIndexes":[214,224,229,230,231,235]}},"215":{"학종":{"term":"학종","sentenceIndexes":[196,200,207,210,213,214,215,224,226,228,235]},"일반고":{"term":"일반고","sentenceIndexes":[207,210,213,215]},"유리":{"term":"유리","sentenceIndexes":[207,213,215]},"일반":{"term":"일반","sentenceIndexes":[200,209,214,215,217,226]},"학생":{"term":"학생","sentenceIndexes":[209,215]},"학종합격":{"term":"학종합격","sentenceIndexes":[215,217]}},"216":{"수능합격":{"term":"수능합격","sentenceIndexes":[216,217]}},"217":{"교육부":{"term":"교육부","sentenceIndexes":[213,217]},"학종합격":{"term":"학종합격","sentenceIndexes":[215,217]},"일반":{"term":"일반","sentenceIndexes":[200,209,214,215,217,226]},"비중":{"term":"비중","sentenceIndexes":[214,217]},"수능합격":{"term":"수능합격","sentenceIndexes":[216,217]}},"218":{"상위":{"term":"상위","sentenceIndexes":[209,218,222]},"극명":{"term":"극명","sentenceIndexes":[218,222]}},"219":{},"220":{},"221":{},"222":{"상위":{"term":"상위","sentenceIndexes":[209,218,222]},"극명":{"term":"극명","sentenceIndexes":[218,222]},"자료":{"term":"자료","sentenceIndexes":[213,222]},"작년":{"term":"작년","sentenceIndexes":[222,230]}},"223":{"서울대":{"term":"서울대","sentenceIndexes":[223,229]}},"224":{"수능":{"term":"수능","sentenceIndexes":[214,224,229,230,231,235]},"학종":{"term":"학종","sentenceIndexes":[196,200,207,210,213,214,215,224,226,228,235]}},"225":{},"226":{"학종":{"term":"학종","sentenceIndexes":[196,200,207,210,213,214,215,224,226,228,235]},"일반":{"term":"일반","sentenceIndexes":[200,209,214,215,217,226]}},"227":{"특목고":{"term":"특목고","sentenceIndexes":[227,230,231,235]}},"228":{"학종":{"term":"학종","sentenceIndexes":[196,200,207,210,213,214,215,224,226,228,235]},"일반고":{"term":"일반고","sentenceIndexes":[228,235]}},"229":{"서울대":{"term":"서울대","sentenceIndexes":[223,229]},"수능":{"term":"수능","sentenceIndexes":[214,224,229,230,231,235]},"정시":{"term":"정시","sentenceIndexes":[229,231]}},"230":{"작년":{"term":"작년","sentenceIndexes":[222,230]},"특목고":{"term":"특목고","sentenceIndexes":[227,230,231,235]},"수능":{"term":"수능","sentenceIndexes":[214,224,229,230,231,235]},"자사고":{"term":"자사고","sentenceIndexes":[230,231,235]},"유리":{"term":"유리","sentenceIndexes":[230,235]}},"231":{"특목고":{"term":"특목고","sentenceIndexes":[227,230,231,235]},"자사고":{"term":"자사고","sentenceIndexes":[230,231,235]},"수능":{"term":"수능","sentenceIndexes":[214,224,229,230,231,235]},"정시":{"term":"정시","sentenceIndexes":[229,231]}},"232":{},"233":{},"234":{"실태":{"term":"실태","sentenceIndexes":[234,235]}},"235":{"실태":{"term":"실태","sentenceIndexes":[234,235]},"학종":{"term":"학종","sentenceIndexes":[196,200,207,210,213,214,215,224,226,228,235]},"일반고":{"term":"일반고","sentenceIndexes":[228,235]},"유리":{"term":"유리","sentenceIndexes":[230,235]},"수능":{"term":"수능","sentenceIndexes":[214,224,229,230,231,235]},"특목고":{"term":"특목고","sentenceIndexes":[227,230,231,235]},"자사고":{"term":"자사고","sentenceIndexes":[230,231,235]}},"236":{},"237":{},"238":{},"239":{},"240":{"학생":{"term":"학생","sentenceIndexes":[240,241,243]}},"241":{"학생":{"term":"학생","sentenceIndexes":[240,241,243]}},"242":{},"243":{"학생":{"term":"학생","sentenceIndexes":[240,241,243]},"시험":{"term":"시험","sentenceIndexes":[243,251,254]}},"244":{},"245":{},"246":{},"247":{},"248":{},"249":{},"250":{"평가":{"term":"평가","sentenceIndexes":[250,254]},"하루":{"term":"하루","sentenceIndexes":[250,254]}},"251":{"시험":{"term":"시험","sentenceIndexes":[243,251,254]}},"252":{},"253":{},"254":{"평가":{"term":"평가","sentenceIndexes":[250,254]},"시험":{"term":"시험","sentenceIndexes":[243,251,254]},"하루":{"term":"하루","sentenceIndexes":[250,254]},"공부":{"term":"공부","sentenceIndexes":[254,263]},"다음":{"term":"다음","sentenceIndexes":[254,264]}},"255":{"평균":{"term":"평균","sentenceIndexes":[255,257]}},"256":{},"257":{"평균":{"term":"평균","sentenceIndexes":[255,257]}},"258":{"서열":{"term":"서열","sentenceIndexes":[258,269]}},"259":{},"260":{"중학교":{"term":"중학교","sentenceIndexes":[260,263]}},"261":{"차별":{"term":"차별","sentenceIndexes":[261,266]}},"262":{},"263":{"중학교":{"term":"중학교","sentenceIndexes":[260,263]},"공부":{"term":"공부","sentenceIndexes":[254,263]}},"264":{"다음":{"term":"다음","sentenceIndexes":[254,264]}},"265":{},"266":{"차별":{"term":"차별","sentenceIndexes":[261,266]}},"267":{},"268":{},"269":{"서열":{"term":"서열","sentenceIndexes":[258,269]},"대학":{"term":"대학","sentenceIndexes":[269,272,275,282]}},"270":{"비율":{"term":"비율","sentenceIndexes":[270,271,273,275,282]},"학생":{"term":"학생","sentenceIndexes":[270,271,273,275,282,283,288,289]},"교과":{"term":"교과","sentenceIndexes":[270,275]}},"271":{"비율":{"term":"비율","sentenceIndexes":[270,271,273,275,282]},"학생":{"term":"학생","sentenceIndexes":[270,271,273,275,282,283,288,289]}},"272":{"대학":{"term":"대학","sentenceIndexes":[269,272,275,282]}},"273":{"학생":{"term":"학생","sentenceIndexes":[270,271,273,275,282,283,288,289]},"비율":{"term":"비율","sentenceIndexes":[270,271,273,275,282]},"수능":{"term":"수능","sentenceIndexes":[273,280,287]}},"274":{},"275":{"비율":{"term":"비율","sentenceIndexes":[270,271,273,275,282]},"학생":{"term":"학생","sentenceIndexes":[270,271,273,275,282,283,288,289]},"교과":{"term":"교과","sentenceIndexes":[270,275]},"대학":{"term":"대학","sentenceIndexes":[269,272,275,282]}},"276":{"다음":{"term":"다음","sentenceIndexes":[276,287,295]}},"277":{},"278":{},"279":{},"280":{"수능":{"term":"수능","sentenceIndexes":[273,280,287]},"기회":{"term":"기회","sentenceIndexes":[280,287]},"과정":{"term":"과정","sentenceIndexes":[280,287]}},"281":{},"282":{"학생":{"term":"학생","sentenceIndexes":[270,271,273,275,282,283,288,289]},"대학":{"term":"대학","sentenceIndexes":[269,272,275,282]},"비율":{"term":"비율","sentenceIndexes":[270,271,273,275,282]},"진학":{"term":"진학","sentenceIndexes":[282,283]}},"283":{"학생":{"term":"학생","sentenceIndexes":[270,271,273,275,282,283,288,289]},"진학":{"term":"진학","sentenceIndexes":[282,283]},"강남":{"term":"강남","sentenceIndexes":[283,286]}},"284":{},"285":{},"286":{"강남":{"term":"강남","sentenceIndexes":[283,286]}},"287":{"기회":{"term":"기회","sentenceIndexes":[280,287]},"수능":{"term":"수능","sentenceIndexes":[273,280,287]},"다음":{"term":"다음","sentenceIndexes":[276,287,295]},"과정":{"term":"과정","sentenceIndexes":[280,287]},"공정":{"term":"공정","sentenceIndexes":[287,295]}},"288":{"학생":{"term":"학생","sentenceIndexes":[270,271,273,275,282,283,288,289]}},"289":{"학생":{"term":"학생","sentenceIndexes":[270,271,273,275,282,283,288,289]}},"290":{},"291":{},"292":{},"293":{},"294":{},"295":{"공정":{"term":"공정","sentenceIndexes":[287,295]},"다음":{"term":"다음","sentenceIndexes":[276,287,295]},"결과":{"term":"결과","sentenceIndexes":[295,296,297]}},"296":{"결과":{"term":"결과","sentenceIndexes":[295,296,297]}},"297":{"결과":{"term":"결과","sentenceIndexes":[295,296,297]},"인구":{"term":"인구","sentenceIndexes":[297,298,301]},"강남구":{"term":"강남구","sentenceIndexes":[297,299]}},"298":{"인구":{"term":"인구","sentenceIndexes":[297,298,301]},"광역시":{"term":"광역시","sentenceIndexes":[298,301]}},"299":{"강남구":{"term":"강남구","sentenceIndexes":[297,299]},"정시":{"term":"정시","sentenceIndexes":[299,300,301,302,311]}},"300":{"정시":{"term":"정시","sentenceIndexes":[299,300,301,302,311]}},"301":{"광역시":{"term":"광역시","sentenceIndexes":[298,301]},"인구":{"term":"인구","sentenceIndexes":[297,298,301]},"정시":{"term":"정시","sentenceIndexes":[299,300,301,302,311]},"서울대":{"term":"서울대","sentenceIndexes":[301,307,309,310]}},"302":{"정시":{"term":"정시","sentenceIndexes":[299,300,301,302,311]}},"303":{"선생":{"term":"선생","sentenceIndexes":[303,305,306]}},"304":{},"305":{"선생":{"term":"선생","sentenceIndexes":[303,305,306]}},"306":{"선생":{"term":"선생","sentenceIndexes":[303,305,306]}},"307":{"서울대":{"term":"서울대","sentenceIndexes":[301,307,309,310]}},"308":{},"309":{"서울대":{"term":"서울대","sentenceIndexes":[301,307,309,310]}},"310":{"서울대":{"term":"서울대","sentenceIndexes":[301,307,309,310]}},"311":{"정시":{"term":"정시","sentenceIndexes":[299,300,301,302,311]}},"312":{},"313":{},"314":{},"315":{},"316":{},"317":{},"318":{},"319":{"고등학교":{"term":"고등학교","sentenceIndexes":[319,321]}},"320":{},"321":{"고등학교":{"term":"고등학교","sentenceIndexes":[319,321]}},"322":{},"323":{"유리":{"term":"유리","sentenceIndexes":[323,326]}},"324":{},"325":{},"326":{"유리":{"term":"유리","sentenceIndexes":[323,326]}},"327":{},"328":{},"329":{"수능":{"term":"수능","sentenceIndexes":[329,336,339]}},"330":{},"331":{},"332":{"친구":{"term":"친구","sentenceIndexes":[332,333]},"수능만점":{"term":"수능만점","sentenceIndexes":[332,335]}},"333":{"친구":{"term":"친구","sentenceIndexes":[332,333]}},"334":{},"335":{"수능만점":{"term":"수능만점","sentenceIndexes":[332,335]},"군복무":{"term":"군복무","sentenceIndexes":[335,341,343,346]}},"336":{"수능":{"term":"수능","sentenceIndexes":[329,336,339]}},"337":{},"338":{},"339":{"수능":{"term":"수능","sentenceIndexes":[329,336,339]}},"340":{},"341":{"군복무":{"term":"군복무","sentenceIndexes":[335,341,343,346]}},"342":{},"343":{"군복무":{"term":"군복무","sentenceIndexes":[335,341,343,346]},"학종":{"term":"학종","sentenceIndexes":[343,344,345,346,347]}},"344":{"학종":{"term":"학종","sentenceIndexes":[343,344,345,346,347]},"학생":{"term":"학생","sentenceIndexes":[344,351]}},"345":{"학종":{"term":"학종","sentenceIndexes":[343,344,345,346,347]},"재학":{"term":"재학","sentenceIndexes":[345,346]}},"346":{"군복무":{"term":"군복무","sentenceIndexes":[335,341,343,346]},"학종":{"term":"학종","sentenceIndexes":[343,344,345,346,347]},"재학":{"term":"재학","sentenceIndexes":[345,346]}},"347":{"학종":{"term":"학종","sentenceIndexes":[343,344,345,346,347]},"특화":{"term":"특화","sentenceIndexes":[347,348]}},"348":{"특화":{"term":"특화","sentenceIndexes":[347,348]}},"349":{},"350":{"서열":{"term":"서열","sentenceIndexes":[350,351]}},"351":{"학생":{"term":"학생","sentenceIndexes":[344,351]},"서열":{"term":"서열","sentenceIndexes":[350,351]},"일반고":{"term":"일반고","sentenceIndexes":[351,361,362]}},"352":{"대표":{"term":"대표","sentenceIndexes":[352,353]}},"353":{"대표":{"term":"대표","sentenceIndexes":[352,353]},"수능":{"term":"수능","sentenceIndexes":[353,355,358,359,360,361,364,375]},"강남애":{"term":"강남애","sentenceIndexes":[353,358]}},"354":{},"355":{"수능":{"term":"수능","sentenceIndexes":[353,355,358,359,360,361,364,375]},"데이터":{"term":"데이터","sentenceIndexes":[355,356,357,364,366,372,376,377,378]},"강남":{"term":"강남","sentenceIndexes":[355,359,360,362]}},"356":{"데이터":{"term":"데이터","sentenceIndexes":[355,356,357,364,366,372,376,377,378]}},"357":{"데이터":{"term":"데이터","sentenceIndexes":[355,356,357,364,366,372,376,377,378]}},"358":{"수능":{"term":"수능","sentenceIndexes":[353,355,358,359,360,361,364,375]},"강남애":{"term":"강남애","sentenceIndexes":[353,358]}},"359":{"수능":{"term":"수능","sentenceIndexes":[353,355,358,359,360,361,364,375]},"강남":{"term":"강남","sentenceIndexes":[355,359,360,362]},"학종":{"term":"학종","sentenceIndexes":[359,360,362,363,372,375,385,387]},"유리":{"term":"유리","sentenceIndexes":[359,360,363]}},"360":{"수능":{"term":"수능","sentenceIndexes":[353,355,358,359,360,361,364,375]},"강남":{"term":"강남","sentenceIndexes":[355,359,360,362]},"학종":{"term":"학종","sentenceIndexes":[359,360,362,363,372,375,385,387]},"유리":{"term":"유리","sentenceIndexes":[359,360,363]}},"361":{"수능":{"term":"수능","sentenceIndexes":[353,355,358,359,360,361,364,375]},"일반고":{"term":"일반고","sentenceIndexes":[351,361,362]},"비강남":{"term":"비강남","sentenceIndexes":[361,363]}},"362":{"학종":{"term":"학종","sentenceIndexes":[359,360,362,363,372,375,385,387]},"강남":{"term":"강남","sentenceIndexes":[355,359,360,362]},"일반고":{"term":"일반고","sentenceIndexes":[351,361,362]}},"363":{"비강남":{"term":"비강남","sentenceIndexes":[361,363]},"학종":{"term":"학종","sentenceIndexes":[359,360,362,363,372,375,385,387]},"유리":{"term":"유리","sentenceIndexes":[359,360,363]}},"364":{"수능":{"term":"수능","sentenceIndexes":[353,355,358,359,360,361,364,375]},"데이터":{"term":"데이터","sentenceIndexes":[355,356,357,364,366,372,376,377,378]}},"365":{},"366":{"데이터":{"term":"데이터","sentenceIndexes":[355,356,357,364,366,372,376,377,378]}},"367":{},"368":{"교육부":{"term":"교육부","sentenceIndexes":[368,369]},"자료":{"term":"자료","sentenceIndexes":[368,369,371]},"발표":{"term":"발표","sentenceIndexes":[368,370]}},"369":{"교육부":{"term":"교육부","sentenceIndexes":[368,369]},"자료":{"term":"자료","sentenceIndexes":[368,369,371]}},"370":{"발표":{"term":"발표","sentenceIndexes":[368,370]}},"371":{"자료":{"term":"자료","sentenceIndexes":[368,369,371]}},"372":{"학종":{"term":"학종","sentenceIndexes":[359,360,362,363,372,375,385,387]},"데이터":{"term":"데이터","sentenceIndexes":[355,356,357,364,366,372,376,377,378]}},"373":{},"374":{"선생":{"term":"선생","sentenceIndexes":[374,379]}},"375":{"수능":{"term":"수능","sentenceIndexes":[353,355,358,359,360,361,364,375]},"학종":{"term":"학종","sentenceIndexes":[359,360,362,363,372,375,385,387]}},"376":{"데이터":{"term":"데이터","sentenceIndexes":[355,356,357,364,366,372,376,377,378]}},"377":{"데이터":{"term":"데이터","sentenceIndexes":[355,356,357,364,366,372,376,377,378]}},"378":{"데이터":{"term":"데이터","sentenceIndexes":[355,356,357,364,366,372,376,377,378]}},"379":{"선생":{"term":"선생","sentenceIndexes":[374,379]}},"380":{},"381":{"강남":{"term":"강남","sentenceIndexes":[381,390,399,400,401,402,404]}},"382":{},"383":{},"384":{"특목고":{"term":"특목고","sentenceIndexes":[384,387]},"자사고":{"term":"자사고","sentenceIndexes":[384,387]}},"385":{"학종":{"term":"학종","sentenceIndexes":[359,360,362,363,372,375,385,387]}},"386":{},"387":{"학종":{"term":"학종","sentenceIndexes":[359,360,362,363,372,375,385,387]},"특목고":{"term":"특목고","sentenceIndexes":[384,387]},"자사고":{"term":"자사고","sentenceIndexes":[384,387]},"학생":{"term":"학생","sentenceIndexes":[387,389]},"일반고":{"term":"일반고","sentenceIndexes":[387,391,393]}},"388":{},"389":{"학생":{"term":"학생","sentenceIndexes":[387,389]}},"390":{"강남":{"term":"강남","sentenceIndexes":[381,390,399,400,401,402,404]}},"391":{"일반고":{"term":"일반고","sentenceIndexes":[387,391,393]}},"392":{},"393":{"일반고":{"term":"일반고","sentenceIndexes":[387,391,393]},"정시":{"term":"정시","sentenceIndexes":[393,404,406]}},"394":{},"395":{},"396":{},"397":{},"398":{},"399":{"강남":{"term":"강남","sentenceIndexes":[381,390,399,400,401,402,404]},"수능":{"term":"수능","sentenceIndexes":[399,400,404,412,414,417]},"유리":{"term":"유리","sentenceIndexes":[399,400,402,404]}},"400":{"강남":{"term":"강남","sentenceIndexes":[381,390,399,400,401,402,404]},"수능":{"term":"수능","sentenceIndexes":[399,400,404,412,414,417]},"유리":{"term":"유리","sentenceIndexes":[399,400,402,404]},"학종":{"term":"학종","sentenceIndexes":[400,401,404,408,418,424,427,429,432]}},"401":{"학종":{"term":"학종","sentenceIndexes":[400,401,404,408,418,424,427,429,432]},"강남":{"term":"강남","sentenceIndexes":[381,390,399,400,401,402,404]}},"402":{"강남":{"term":"강남","sentenceIndexes":[381,390,399,400,401,402,404]},"유리":{"term":"유리","sentenceIndexes":[399,400,402,404]}},"403":{},"404":{"수능":{"term":"수능","sentenceIndexes":[399,400,404,412,414,417]},"정시":{"term":"정시","sentenceIndexes":[393,404,406]},"강남":{"term":"강남","sentenceIndexes":[381,390,399,400,401,402,404]},"학종":{"term":"학종","sentenceIndexes":[400,401,404,408,418,424,427,429,432]},"유리":{"term":"유리","sentenceIndexes":[399,400,402,404]}},"405":{},"406":{"정시":{"term":"정시","sentenceIndexes":[393,404,406]}},"407":{},"408":{"학종":{"term":"학종","sentenceIndexes":[400,401,404,408,418,424,427,429,432]},"지역":{"term":"지역","sentenceIndexes":[408,414]}},"409":{},"410":{"읍면소재":{"term":"읍면소재","sentenceIndexes":[410,411,412]},"특별시":{"term":"특별시","sentenceIndexes":[410,414]}},"411":{"읍면소재":{"term":"읍면소재","sentenceIndexes":[410,411,412]},"학생":{"term":"학생","sentenceIndexes":[411,412,413]},"종합전형":{"term":"종합전형","sentenceIndexes":[411,412,413]},"진학":{"term":"진학","sentenceIndexes":[411,412,413]},"비율":{"term":"비율","sentenceIndexes":[411,413,416]}},"412":{"읍면소재":{"term":"읍면소재","sentenceIndexes":[410,411,412]},"학생":{"term":"학생","sentenceIndexes":[411,412,413]},"종합전형":{"term":"종합전형","sentenceIndexes":[411,412,413]},"진학":{"term":"진학","sentenceIndexes":[411,412,413]},"수능":{"term":"수능","sentenceIndexes":[399,400,404,412,414,417]}},"413":{"학생":{"term":"학생","sentenceIndexes":[411,412,413]},"종합전형":{"term":"종합전형","sentenceIndexes":[411,412,413]},"진학":{"term":"진학","sentenceIndexes":[411,412,413]},"비율":{"term":"비율","sentenceIndexes":[411,413,416]}},"414":{"수능":{"term":"수능","sentenceIndexes":[399,400,404,412,414,417]},"지역":{"term":"지역","sentenceIndexes":[408,414]},"특별시":{"term":"특별시","sentenceIndexes":[410,414]}},"415":{},"416":{"비율":{"term":"비율","sentenceIndexes":[411,413,416]}},"417":{"수능":{"term":"수능","sentenceIndexes":[399,400,404,412,414,417]},"서울":{"term":"서울","sentenceIndexes":[417,424]}},"418":{"학종":{"term":"학종","sentenceIndexes":[400,401,404,408,418,424,427,429,432]}},"419":{"인강":{"term":"인강","sentenceIndexes":[419,421]}},"420":{},"421":{"인강":{"term":"인강","sentenceIndexes":[419,421]}},"422":{"지방":{"term":"지방","sentenceIndexes":[422,423,429,432]}},"423":{"지방":{"term":"지방","sentenceIndexes":[422,423,429,432]}},"424":{"학종":{"term":"학종","sentenceIndexes":[400,401,404,408,418,424,427,429,432]},"서울":{"term":"서울","sentenceIndexes":[417,424]}},"425":{"교과":{"term":"교과","sentenceIndexes":[425,426]}},"426":{"교과":{"term":"교과","sentenceIndexes":[425,426]}},"427":{"학종":{"term":"학종","sentenceIndexes":[400,401,404,408,418,424,427,429,432]},"선생":{"term":"선생","sentenceIndexes":[427,428]}},"428":{"선생":{"term":"선생","sentenceIndexes":[427,428]}},"429":{"학종":{"term":"학종","sentenceIndexes":[400,401,404,408,418,424,427,429,432]},"지방":{"term":"지방","sentenceIndexes":[422,423,429,432]},"학생":{"term":"학생","sentenceIndexes":[429,437,438]}},"430":{},"431":{},"432":{"학종":{"term":"학종","sentenceIndexes":[400,401,404,408,418,424,427,429,432]},"지방":{"term":"지방","sentenceIndexes":[422,423,429,432]}},"433":{},"434":{"문화":{"term":"문화","sentenceIndexes":[434,435]},"이야기":{"term":"이야기","sentenceIndexes":[434,440]}},"435":{"문화":{"term":"문화","sentenceIndexes":[434,435]}},"436":{},"437":{"학생":{"term":"학생","sentenceIndexes":[429,437,438]},"고교유형":{"term":"고교유형","sentenceIndexes":[437,438]},"기재분량":{"term":"기재분량","sentenceIndexes":[437,438,439]}},"438":{"고교유형":{"term":"고교유형","sentenceIndexes":[437,438]},"학생":{"term":"학생","sentenceIndexes":[429,437,438]},"기재분량":{"term":"기재분량","sentenceIndexes":[437,438,439]}},"439":{"기재분량":{"term":"기재분량","sentenceIndexes":[437,438,439]}},"440":{"이야기":{"term":"이야기","sentenceIndexes":[434,440]}},"441":{}}