﻿[{"name": "가구", "frequency": 14, "index": 0}, {"name": "가능", "frequency": 9, "index": 2}, {"name": "가정", "frequency": 5, "index": 5}, {"name": "감면", "frequency": 7, "index": 13}, {"name": "개념", "frequency": 14, "index": 21}, {"name": "개인", "frequency": 7, "index": 25}, {"name": "경우", "frequency": 9, "index": 35}, {"name": "경제", "frequency": 37, "index": 37}, {"name": "경험", "frequency": 5, "index": 38}, {"name": "계산", "frequency": 11, "index": 40}, {"name": "공급", "frequency": 10, "index": 49}, {"name": "과세", "frequency": 5, "index": 54}, {"name": "관계", "frequency": 7, "index": 59}, {"name": "관심", "frequency": 5, "index": 62}, {"name": "교수", "frequency": 14, "index": 65}, {"name": "국민", "frequency": 19, "index": 68}, {"name": "균형", "frequency": 10, "index": 71}, {"name": "근로", "frequency": 6, "index": 76}, {"name": "급여", "frequency": 14, "index": 82}, {"name": "기능", "frequency": 5, "index": 85}, {"name": "기본", "frequency": 64, "index": 86}, {"name": "기존", "frequency": 10, "index": 94}, {"name": "기준", "frequency": 9, "index": 95}, {"name": "긴급", "frequency": 8, "index": 98}, {"name": "나라", "frequency": 7, "index": 102}, {"name": "노동", "frequency": 7, "index": 108}, {"name": "다음", "frequency": 6, "index": 120}, {"name": "단순", "frequency": 6, "index": 122}, {"name": "대상", "frequency": 8, "index": 129}, {"name": "대체", "frequency": 6, "index": 130}, {"name": "대표", "frequency": 9, "index": 132}, {"name": "도움", "frequency": 5, "index": 137}, {"name": "매출", "frequency": 6, "index": 156}, {"name": "문제", "frequency": 11, "index": 164}, {"name": "미래", "frequency": 6, "index": 166}, {"name": "박기성", "frequency": 6, "index": 173}, {"name": "복지", "frequency": 33, "index": 203}, {"name": "사람", "frequency": 35, "index": 236}, {"name": "사회", "frequency": 7, "index": 242}, {"name": "상황", "frequency": 6, "index": 258}, {"name": "생산", "frequency": 6, "index": 260}, {"name": "생활", "frequency": 5, "index": 261}, {"name": "선별", "frequency": 6, "index": 265}, {"name": "선택", "frequency": 8, "index": 267}, {"name": "설계", "frequency": 6, "index": 268}, {"name": "설명", "frequency": 15, "index": 270}, {"name": "성장", "frequency": 7, "index": 275}, {"name": "세계", "frequency": 5, "index": 276}, {"name": "세금", "frequency": 13, "index": 277}, {"name": "소득", "frequency": 144, "index": 285}, {"name": "소비", "frequency": 27, "index": 287}, {"name": "손해", "frequency": 5, "index": 293}, {"name": "수당", "frequency": 10, "index": 296}, {"name": "수요", "frequency": 10, "index": 299}, {"name": "순환", "frequency": 5, "index": 303}, {"name": "시민", "frequency": 5, "index": 310}, {"name": "시작", "frequency": 6, "index": 312}, {"name": "시장", "frequency": 10, "index": 313}, {"name": "시행", "frequency": 8, "index": 317}, {"name": "실패", "frequency": 7, "index": 323}, {"name": "아동", "frequency": 6, "index": 326}, {"name": "안심", "frequency": 19, "index": 332}, {"name": "얼마", "frequency": 5, "index": 343}, {"name": "역량", "frequency": 5, "index": 351}, {"name": "역할", "frequency": 6, "index": 353}, {"name": "연구", "frequency": 9, "index": 356}, {"name": "예산", "frequency": 16, "index": 363}, {"name": "우파", "frequency": 5, "index": 379}, {"name": "의견", "frequency": 10, "index": 395}, {"name": "의미", "frequency": 5, "index": 396}, {"name": "이상", "frequency": 7, "index": 401}, {"name": "이야기", "frequency": 14, "index": 402}, {"name": "이원재", "frequency": 6, "index": 403}, {"name": "이해", "frequency": 8, "index": 408}, {"name": "일정", "frequency": 6, "index": 421}, {"name": "장려", "frequency": 6, "index": 443}, {"name": "재난", "frequency": 23, "index": 445}, {"name": "재원", "frequency": 18, "index": 447}, {"name": "저축", "frequency": 10, "index": 449}, {"name": "저항", "frequency": 6, "index": 450}, {"name": "전제", "frequency": 6, "index": 459}, {"name": "정리", "frequency": 6, "index": 469}, {"name": "정부", "frequency": 18, "index": 471}, {"name": "정산", "frequency": 6, "index": 472}, {"name": "정의", "frequency": 9, "index": 474}, {"name": "정책", "frequency": 14, "index": 475}, {"name": "제도", "frequency": 33, "index": 480}, {"name": "조세", "frequency": 8, "index": 486}, {"name": "주장", "frequency": 6, "index": 499}, {"name": "준비", "frequency": 5, "index": 501}, {"name": "중요", "frequency": 7, "index": 507}, {"name": "증세", "frequency": 20, "index": 516}, {"name": "지급", "frequency": 28, "index": 518}, {"name": "지사", "frequency": 6, "index": 521}, {"name": "지역", "frequency": 6, "index": 524}, {"name": "지원", "frequency": 43, "index": 525}, {"name": "진영", "frequency": 5, "index": 535}, {"name": "집중", "frequency": 7, "index": 539}, {"name": "차이", "frequency": 5, "index": 542}, {"name": "처분", "frequency": 6, "index": 549}, {"name": "취급", "frequency": 5, "index": 568}, {"name": "토론", "frequency": 10, "index": 584}, {"name": "투자", "frequency": 16, "index": 587}, {"name": "파악", "frequency": 9, "index": 590}, {"name": "폐지", "frequency": 9, "index": 599}, {"name": "필요", "frequency": 21, "index": 609}, {"name": "행정", "frequency": 6, "index": 625}, {"name": "현금", "frequency": 9, "index": 629}, {"name": "형태", "frequency": 5, "index": 635}, {"name": "혜택", "frequency": 13, "index": 637}, {"name": "화폐", "frequency": 5, "index": 640}, {"name": "확대", "frequency": 6, "index": 641}, {"name": "효과", "frequency": 26, "index": 647}]