{
  "nodes": [
    {
      "id": "id-미세먼지대책특별위원회",
      "label": "미세먼지대책특별위원회",
      "count": 23,
      "size": 163,
      "font": { "size": 163 }
    },
    {
      "id": "id-미세먼지특별위원회",
      "label": "미세먼지특별위원회",
      "count": 17,
      "size": 163,
      "font": { "size": 163 }
    },
    {
      "id": "id-미세 먼지특별대책위원회",
      "label": "미세 먼지특별대책위원회",
      "count": 15,
      "size": 163,
      "font": { "size": 163 }
    },
    {
      "id": "id-초미세먼지",
      "label": "초미세먼지",
      "count": 26,
      "size": 162,
      "font": { "size": 162 }
    },
    {
      "id": "id-생성 미세먼지",
      "label": "생성 미세먼지",
      "count": 17,
      "size": 160,
      "font": { "size": 160 }
    },
    {
      "id": "id-검은색 미세먼지",
      "label": "검은색 미세먼지",
      "count": 15,
      "size": 160,
      "font": { "size": 160 }
    },
    {
      "id": "id-국내외 미세먼지",
      "label": "국내외 미세먼지",
      "count": 17,
      "size": 160,
      "font": { "size": 160 }
    },
    {
      "id": "id-미세먼지특별법",
      "label": "미세먼지특별법",
      "count": 16,
      "size": 160,
      "font": { "size": 160 }
    },
    {
      "id": "id-미세먼지특별 법",
      "label": "미세먼지특별 법",
      "count": 14,
      "size": 160,
      "font": { "size": 160 }
    },
    {
      "id": "id-비중",
      "label": "비중",
      "count": 20,
      "size": 53,
      "font": { "size": 53 }
    },
    {
      "id": "id-배출량",
      "label": "배출량",
      "count": 8,
      "size": 53,
      "font": { "size": 53 }
    },
    {
      "id": "id-노후 경유차",
      "label": "노후 경유차",
      "count": 10,
      "size": 49,
      "font": { "size": 49 }
    },
    {
      "id": "id-노후경유차들",
      "label": "노후경유차들",
      "count": 18,
      "size": 49,
      "font": { "size": 49 }
    },
    {
      "id": "id-노후 석탄화력",
      "label": "노후 석탄화력",
      "count": 14,
      "size": 48,
      "font": { "size": 48 }
    },
    {
      "id": "id-신규 석탄화력",
      "label": "신규 석탄화력",
      "count": 13,
      "size": 48,
      "font": { "size": 48 }
    },
    {
      "id": "id-화력 발전소",
      "label": "화력 발전소",
      "count": 7,
      "size": 47,
      "font": { "size": 47 }
    },
    {
      "id": "id-탄화력발전소",
      "label": "탄화력발전소",
      "count": 13,
      "size": 47,
      "font": { "size": 47 }
    },
    {
      "id": "id-공동연구",
      "label": "공동연구",
      "count": 6,
      "size": 46,
      "font": { "size": 46 }
    },
    {
      "id": "id-공동 연구",
      "label": "공동 연구",
      "count": 6,
      "size": 46,
      "font": { "size": 46 }
    },
    {
      "id": "id-석탄화 력발전소",
      "label": "석탄화 력발전소",
      "count": 9,
      "size": 44,
      "font": { "size": 44 }
    },
    {
      "id": "id-석탄발전",
      "label": "석탄발전",
      "count": 7,
      "size": 44,
      "font": { "size": 44 }
    },
    {
      "id": "id-석탄 LNG",
      "label": "석탄 LNG",
      "count": 6,
      "size": 44,
      "font": { "size": 44 }
    },
    {
      "id": "id-엉리 발전소",
      "label": "엉리 발전소",
      "count": 5,
      "size": 43,
      "font": { "size": 43 }
    },
    {
      "id": "id-LNG발전소",
      "label": "LNG발전소",
      "count": 7,
      "size": 43,
      "font": { "size": 43 }
    },
    {
      "id": "id-경유차량",
      "label": "경유차량",
      "count": 11,
      "size": 43,
      "font": { "size": 43 }
    },
    {
      "id": "id-경유사용",
      "label": "경유사용",
      "count": 11,
      "size": 41,
      "font": { "size": 41 }
    },
    {
      "id": "id-청정에너지",
      "label": "청정에너지",
      "count": 9,
      "size": 39,
      "font": { "size": 39 }
    },
    {
      "id": "id-에너지 생산",
      "label": "에너지 생산",
      "count": 6,
      "size": 39,
      "font": { "size": 39 }
    },
    {
      "id": "id-신재생에너지",
      "label": "신재생에너지",
      "count": 6,
      "size": 37,
      "font": { "size": 37 }
    },
    {
      "id": "id-에너지구조",
      "label": "에너지구조",
      "count": 5,
      "size": 37,
      "font": { "size": 37 }
    },
    {
      "id": "id-자동차 배기가스",
      "label": "자동차 배기가스",
      "count": 12,
      "size": 36,
      "font": { "size": 36 }
    },
    {
      "id": "id-비상저감조치",
      "label": "비상저감조치",
      "count": 14,
      "size": 32,
      "font": { "size": 32 }
    },
    {
      "id": "id-매연저감 장치",
      "label": "매연저감 장치",
      "count": 7,
      "size": 32,
      "font": { "size": 32 }
    },
    {
      "id": "id-매연저감장치",
      "label": "매연저감장치",
      "count": 9,
      "size": 32,
      "font": { "size": 32 }
    }
  ],
  "edges": [
    {
      "from": "id-미세먼지대책특별위원회",
      "to": "id-미세먼지특별위원회",
      "width": 138.49732467532306,
      "count": 149
    },
    {
      "from": "id-미세 먼지특별대책위원회",
      "to": "id-미세먼지대책특별위원회",
      "width": 136.45267532467366,
      "count": 155
    },
    {
      "from": "id-미세먼지대책특별위원회",
      "to": "id-초미세먼지",
      "width": 135.0936131444297,
      "count": 144
    },
    {
      "from": "id-국내외 미세먼지",
      "to": "id-미세먼지대책특별위원회",
      "width": 133.6606450216434,
      "count": 141
    },
    {
      "from": "id-검은색 미세먼지",
      "to": "id-미세먼지대책특별위원회",
      "width": 133.31991197691036,
      "count": 143
    },
    {
      "from": "id-미세먼지대책특별위원회",
      "to": "id-미세먼지특별법",
      "width": 132.95330086579926,
      "count": 143
    },
    {
      "from": "id-미세먼지대책특별위원회",
      "to": "id-미세먼지특별 법",
      "width": 132.95330086579926,
      "count": 143
    },
    {
      "from": "id-미세 먼지특별대책위원회",
      "to": "id-미세먼지특별위원회",
      "width": 129.08410389610225,
      "count": 149
    },
    {
      "from": "id-미세먼지특별위원회",
      "to": "id-초미세먼지",
      "width": 127.00458717040375,
      "count": 140
    },
    {
      "from": "id-국내외 미세먼지",
      "to": "id-초미세먼지",
      "width": 126.8579075167241,
      "count": 137
    },
    {
      "from": "id-검은색 미세먼지",
      "to": "id-초미세먼지",
      "width": 126.51717447199105,
      "count": 138
    },
    {
      "from": "id-국내외 미세먼지",
      "to": "id-미세먼지특별위원회",
      "width": 125.57161904761747,
      "count": 138
    },
    {
      "from": "id-검은색 미세먼지",
      "to": "id-미세먼지특별위원회",
      "width": 125.23088600288443,
      "count": 139
    },
    {
      "from": "id-검은색 미세먼지",
      "to": "id-국내외 미세먼지",
      "width": 125.08420634920478,
      "count": 136
    },
    {
      "from": "id-미세먼지특별법",
      "to": "id-미세먼지특별위원회",
      "width": 124.86427489177332,
      "count": 139
    },
    {
      "from": "id-미세먼지특별 법",
      "to": "id-미세먼지특별위원회",
      "width": 124.86427489177332,
      "count": 139
    },
    {
      "from": "id-생성 미세먼지",
      "to": "id-초미세먼지",
      "width": 124.63806336087994,
      "count": 137
    },
    {
      "from": "id-검은색 미세먼지",
      "to": "id-미세 먼지특별대책위원회",
      "width": 123.90669119768954,
      "count": 142
    },
    {
      "from": "id-미세 먼지특별대책위원회",
      "to": "id-미세먼지특별법",
      "width": 123.54008008657843,
      "count": 142
    },
    {
      "from": "id-미세 먼지특별대책위원회",
      "to": "id-미세먼지특별 법",
      "width": 123.54008008657843,
      "count": 142
    },
    {
      "from": "id-국내외 미세먼지",
      "to": "id-미세 먼지특별대책위원회",
      "width": 123.47015151514985,
      "count": 141
    },
    {
      "from": "id-석탄화 력발전소",
      "to": "id-화력 발전소",
      "width": 12.48715728715728,
      "count": 12
    },
    {
      "from": "id-석탄화 력발전소",
      "to": "id-탄화력발전소",
      "width": 12.48715728715728,
      "count": 12
    },
    {
      "from": "id-탄화력발전소",
      "to": "id-화력 발전소",
      "width": 12.294650587507723,
      "count": 13
    },
    {
      "from": "id-LNG발전소",
      "to": "id-석탄화 력발전소",
      "width": 11.815151515151504,
      "count": 10
    },
    {
      "from": "id-노후 석탄화력",
      "to": "id-화력 발전소",
      "width": 11.700577200577191,
      "count": 12
    },
    {
      "from": "id-노후 석탄화력",
      "to": "id-탄화력발전소",
      "width": 11.700577200577191,
      "count": 12
    },
    {
      "from": "id-LNG발전소",
      "to": "id-노후 석탄화력",
      "width": 11.464862914862904,
      "count": 12
    },
    {
      "from": "id-LNG발전소",
      "to": "id-신규 석탄화력",
      "width": 11.464862914862904,
      "count": 12
    },
    {
      "from": "id-LNG발전소",
      "to": "id-석탄발전",
      "width": 10.849242424242412,
      "count": 9
    },
    {
      "from": "id-신규 석탄화력",
      "to": "id-화력 발전소",
      "width": 10.555339105339096,
      "count": 11
    },
    {
      "from": "id-신규 석탄화력",
      "to": "id-탄화력발전소",
      "width": 10.555339105339096,
      "count": 11
    },
    {
      "from": "id-LNG발전소",
      "to": "id-석탄 LNG",
      "width": 9.88333333333332,
      "count": 9
    },
    {
      "from": "id-노후 경유차",
      "to": "id-노후경유차들",
      "width": 9.491666666666655,
      "count": 1
    },
    {
      "from": "id-경유차량",
      "to": "id-노후 경유차",
      "width": 9.491666666666655,
      "count": 1
    },
    {
      "from": "id-경유차량",
      "to": "id-노후경유차들",
      "width": 9.491666666666655,
      "count": 1
    },
    {
      "from": "id-엉리 발전소",
      "to": "id-화력 발전소",
      "width": 8.957792207792203,
      "count": 9
    },
    {
      "from": "id-엉리 발전소",
      "to": "id-탄화력발전소",
      "width": 8.957792207792203,
      "count": 9
    },
    {
      "from": "id-LNG발전소",
      "to": "id-화력 발전소",
      "width": 8.957792207792203,
      "count": 9
    },
    {
      "from": "id-LNG발전소",
      "to": "id-탄화력발전소",
      "width": 8.957792207792203,
      "count": 9
    },
    {
      "from": "id-매연저감 장치",
      "to": "id-비상저감조치",
      "width": 7.1666666666666625,
      "count": 8
    },
    {
      "from": "id-매연저감장치",
      "to": "id-비상저감조치",
      "width": 7.1666666666666625,
      "count": 8
    },
    {
      "from": "id-경유사용",
      "to": "id-노후 경유차",
      "width": 6.699999999999992,
      "count": 1
    },
    {
      "from": "id-경유사용",
      "to": "id-노후경유차들",
      "width": 6.699999999999992,
      "count": 1
    },
    {
      "from": "id-경유사용",
      "to": "id-경유차량",
      "width": 6.699999999999992,
      "count": 1
    },
    {
      "from": "id-비중",
      "to": "id-청정에너지",
      "width": 6.449999999999992,
      "count": 7
    },
    {
      "from": "id-비중",
      "to": "id-신재생에너지",
      "width": 6.449999999999992,
      "count": 7
    },
    {
      "from": "id-비중",
      "to": "id-에너지 생산",
      "width": 6.449999999999992,
      "count": 7
    },
    {
      "from": "id-비중",
      "to": "id-에너지구조",
      "width": 6.449999999999992,
      "count": 7
    },
    {
      "from": "id-공동 연구",
      "to": "id-공동연구",
      "width": 6.133333333333333,
      "count": 5
    },
    {
      "from": "id-에너지 생산",
      "to": "id-청정에너지",
      "width": 5.9733333333333345,
      "count": 7
    },
    {
      "from": "id-매연저감 장치",
      "to": "id-매연저감장치",
      "width": 5.666666666666669,
      "count": 6
    },
    {
      "from": "id-배출량",
      "to": "id-자동차 배기가스",
      "width": 3.5000000000000018,
      "count": 2
    }
  ],
  "topics": [
    {
      "label": "미세먼지대책특별위원회",
      "count": 163,
      "keywords": [
        { "label": "미세먼지특별위원회", "count": 163 },
        { "label": "미세 먼지특별대책위원회", "count": 163 },
        { "label": "초미세먼지", "count": 162 },
        { "label": "국내외 미세먼지", "count": 160 },
        { "label": "검은색 미세먼지", "count": 160 },
        { "label": "미세먼지특별법", "count": 160 },
        { "label": "미세먼지특별 법", "count": 160 }
      ]
    },
    {
      "label": "미세먼지특별위원회",
      "count": 163,
      "keywords": [
        { "label": "미세먼지대책특별위원회", "count": 163 },
        { "label": "미세 먼지특별대책위원회", "count": 163 },
        { "label": "초미세먼지", "count": 162 },
        { "label": "국내외 미세먼지", "count": 160 },
        { "label": "검은색 미세먼지", "count": 160 },
        { "label": "미세먼지특별법", "count": 160 },
        { "label": "미세먼지특별 법", "count": 160 }
      ]
    },
    {
      "label": "미세 먼지특별대책위원회",
      "count": 163,
      "keywords": [
        { "label": "미세먼지대책특별위원회", "count": 163 },
        { "label": "미세먼지특별위원회", "count": 163 },
        { "label": "검은색 미세먼지", "count": 160 },
        { "label": "미세먼지특별법", "count": 160 },
        { "label": "미세먼지특별 법", "count": 160 },
        { "label": "국내외 미세먼지", "count": 160 }
      ]
    },
    {
      "label": "초미세먼지",
      "count": 162,
      "keywords": [
        { "label": "미세먼지대책특별위원회", "count": 163 },
        { "label": "미세먼지특별위원회", "count": 163 },
        { "label": "국내외 미세먼지", "count": 160 },
        { "label": "검은색 미세먼지", "count": 160 },
        { "label": "생성 미세먼지", "count": 160 }
      ]
    },
    {
      "label": "생성 미세먼지",
      "count": 160,
      "keywords": [{ "label": "초미세먼지", "count": 162 }]
    },
    {
      "label": "검은색 미세먼지",
      "count": 160,
      "keywords": [
        { "label": "미세먼지대책특별위원회", "count": 163 },
        { "label": "초미세먼지", "count": 162 },
        { "label": "미세먼지특별위원회", "count": 163 },
        { "label": "국내외 미세먼지", "count": 160 },
        { "label": "미세 먼지특별대책위원회", "count": 163 }
      ]
    },
    {
      "label": "국내외 미세먼지",
      "count": 160,
      "keywords": [
        { "label": "미세먼지대책특별위원회", "count": 163 },
        { "label": "초미세먼지", "count": 162 },
        { "label": "미세먼지특별위원회", "count": 163 },
        { "label": "검은색 미세먼지", "count": 160 },
        { "label": "미세 먼지특별대책위원회", "count": 163 }
      ]
    },
    {
      "label": "미세먼지특별법",
      "count": 160,
      "keywords": [
        { "label": "미세먼지대책특별위원회", "count": 163 },
        { "label": "미세먼지특별위원회", "count": 163 },
        { "label": "미세 먼지특별대책위원회", "count": 163 }
      ]
    },
    {
      "label": "미세먼지특별 법",
      "count": 160,
      "keywords": [
        { "label": "미세먼지대책특별위원회", "count": 163 },
        { "label": "미세먼지특별위원회", "count": 163 },
        { "label": "미세 먼지특별대책위원회", "count": 163 }
      ]
    },
    {
      "label": "비중",
      "count": 53,
      "keywords": [
        { "label": "청정에너지", "count": 39 },
        { "label": "신재생에너지", "count": 37 },
        { "label": "에너지 생산", "count": 39 },
        { "label": "에너지구조", "count": 37 }
      ]
    },
    {
      "label": "배출량",
      "count": 53,
      "keywords": [{ "label": "자동차 배기가스", "count": 36 }]
    }
  ]
}
