﻿[
  { "name": "가격", "frequency": 6, "index": 0 },
  { "name": "가구", "frequency": 14, "index": 1 },
  { "name": "가능", "frequency": 10, "index": 4 },
  { "name": "감면", "frequency": 8, "index": 18 },
  { "name": "개념", "frequency": 10, "index": 26 },
  { "name": "개인", "frequency": 6, "index": 32 },
  { "name": "결과", "frequency": 6, "index": 40 },
  { "name": "경우", "frequency": 11, "index": 48 },
  { "name": "경제", "frequency": 18, "index": 50 },
  { "name": "경제성장", "frequency": 6, "index": 53 },
  { "name": "경제효과", "frequency": 9, "index": 59 },
  { "name": "경험", "frequency": 5, "index": 60 },
  { "name": "계산", "frequency": 12, "index": 62 },
  { "name": "계속", "frequency": 5, "index": 63 },
  { "name": "공급", "frequency": 11, "index": 75 },
  { "name": "관계", "frequency": 5, "index": 87 },
  { "name": "관심", "frequency": 5, "index": 90 },
  { "name": "관점", "frequency": 6, "index": 91 },
  { "name": "교수", "frequency": 18, "index": 93 },
  { "name": "국민", "frequency": 29, "index": 100 },
  { "name": "균형", "frequency": 10, "index": 105 },
  { "name": "기능", "frequency": 7, "index": 121 },
  { "name": "기본", "frequency": 5, "index": 124 },
  { "name": "기본소득", "frequency": 69, "index": 125 },
  { "name": "기업", "frequency": 6, "index": 133 },
  { "name": "기존", "frequency": 10, "index": 135 },
  { "name": "기준", "frequency": 6, "index": 136 },
  { "name": "긴급재난지원", "frequency": 8, "index": 144 },
  { "name": "나라", "frequency": 13, "index": 148 },
  { "name": "노동", "frequency": 7, "index": 155 },
  { "name": "노동공급", "frequency": 6, "index": 156 },
  { "name": "다음", "frequency": 10, "index": 171 },
  { "name": "단순", "frequency": 7, "index": 174 },
  { "name": "대상", "frequency": 7, "index": 184 },
  { "name": "대체", "frequency": 6, "index": 186 },
  { "name": "대표", "frequency": 13, "index": 188 },
  { "name": "데이터", "frequency": 5, "index": 190 },
  { "name": "도움", "frequency": 8, "index": 195 },
  { "name": "동안", "frequency": 7, "index": 201 },
  { "name": "마련", "frequency": 7, "index": 213 },
  { "name": "만족도", "frequency": 5, "index": 220 },
  { "name": "매출", "frequency": 6, "index": 222 },
  { "name": "목표", "frequency": 6, "index": 230 },
  { "name": "문제", "frequency": 23, "index": 234 },
  { "name": "미래", "frequency": 5, "index": 240 },
  { "name": "박기성", "frequency": 6, "index": 250 },
  { "name": "방법", "frequency": 8, "index": 260 },
  { "name": "방식", "frequency": 5, "index": 262 },
  { "name": "복지", "frequency": 20, "index": 288 },
  { "name": "사고", "frequency": 6, "index": 339 },
  { "name": "사람", "frequency": 51, "index": 341 },
  { "name": "사회", "frequency": 5, "index": 346 },
  { "name": "상황", "frequency": 5, "index": 369 },
  { "name": "생산", "frequency": 10, "index": 372 },
  { "name": "선별", "frequency": 5, "index": 380 },
  { "name": "선택", "frequency": 9, "index": 385 },
  { "name": "설계", "frequency": 6, "index": 386 },
  { "name": "설명", "frequency": 15, "index": 388 },
  { "name": "세계", "frequency": 5, "index": 395 },
  { "name": "세금", "frequency": 21, "index": 396 },
  { "name": "소득", "frequency": 40, "index": 406 },
  { "name": "소득세", "frequency": 8, "index": 412 },
  { "name": "소비", "frequency": 24, "index": 417 },
  { "name": "손해", "frequency": 5, "index": 425 },
  { "name": "수요", "frequency": 13, "index": 432 },
  { "name": "순환", "frequency": 5, "index": 438 },
  { "name": "시간", "frequency": 10, "index": 442 },
  { "name": "시민", "frequency": 5, "index": 446 },
  { "name": "시작", "frequency": 8, "index": 448 },
  { "name": "시장", "frequency": 8, "index": 449 },
  { "name": "시청", "frequency": 8, "index": 452 },
  { "name": "시행", "frequency": 10, "index": 455 },
  { "name": "실패", "frequency": 10, "index": 471 },
  { "name": "실험", "frequency": 5, "index": 473 },
  { "name": "실현", "frequency": 7, "index": 475 },
  { "name": "안심소득", "frequency": 20, "index": 486 },
  { "name": "액수", "frequency": 5, "index": 495 },
  { "name": "얼마", "frequency": 8, "index": 506 },
  { "name": "역할", "frequency": 6, "index": 515 },
  { "name": "연구", "frequency": 9, "index": 518 },
  { "name": "예산", "frequency": 12, "index": 529 },
  { "name": "우파", "frequency": 5, "index": 546 },
  { "name": "위기", "frequency": 5, "index": 550 },
  { "name": "유튜브", "frequency": 5, "index": 558 },
  { "name": "의견", "frequency": 17, "index": 565 },
  { "name": "의미", "frequency": 5, "index": 566 },
  { "name": "이상", "frequency": 7, "index": 573 },
  { "name": "이야기", "frequency": 21, "index": 574 },
  { "name": "이원재", "frequency": 6, "index": 576 },
  { "name": "이유", "frequency": 7, "index": 577 },
  { "name": "이해", "frequency": 10, "index": 583 },
  { "name": "인정", "frequency": 5, "index": 588 },
  { "name": "일부", "frequency": 5, "index": 595 },
  { "name": "일자리", "frequency": 16, "index": 598 },
  { "name": "일정", "frequency": 5, "index": 599 },
  { "name": "잠깐", "frequency": 5, "index": 625 },
  { "name": "장기", "frequency": 7, "index": 626 },
  { "name": "재난기본소득", "frequency": 6, "index": 632 },
  { "name": "재난지원", "frequency": 11, "index": 633 },
  { "name": "재원", "frequency": 22, "index": 635 },
  { "name": "저축", "frequency": 10, "index": 640 },
  { "name": "전제", "frequency": 5, "index": 654 },
  { "name": "전체", "frequency": 5, "index": 657 },
  { "name": "정리", "frequency": 5, "index": 668 },
  { "name": "정부", "frequency": 13, "index": 670 },
  { "name": "정의", "frequency": 8, "index": 675 },
  { "name": "정책", "frequency": 8, "index": 676 },
  { "name": "제도", "frequency": 22, "index": 683 },
  { "name": "주장", "frequency": 8, "index": 709 },
  { "name": "준비", "frequency": 5, "index": 710 },
  { "name": "중요", "frequency": 10, "index": 720 },
  { "name": "증세", "frequency": 27, "index": 730 },
  { "name": "지급", "frequency": 30, "index": 732 },
  { "name": "지사", "frequency": 6, "index": 734 },
  { "name": "지역화폐", "frequency": 5, "index": 740 },
  { "name": "지원", "frequency": 23, "index": 741 },
  { "name": "지적", "frequency": 5, "index": 743 },
  { "name": "집중", "frequency": 8, "index": 759 },
  { "name": "차이", "frequency": 6, "index": 763 },
  { "name": "최대", "frequency": 5, "index": 785 },
  { "name": "취급", "frequency": 5, "index": 800 },
  { "name": "토론", "frequency": 14, "index": 814 },
  { "name": "투자", "frequency": 18, "index": 818 },
  { "name": "파악", "frequency": 8, "index": 822 },
  { "name": "폐지", "frequency": 9, "index": 835 },
  { "name": "필요", "frequency": 27, "index": 848 },
  { "name": "해결", "frequency": 7, "index": 861 },
  { "name": "현금", "frequency": 7, "index": 873 },
  { "name": "현실", "frequency": 7, "index": 876 },
  { "name": "형태", "frequency": 5, "index": 880 },
  { "name": "혜택", "frequency": 12, "index": 881 },
  { "name": "확대", "frequency": 7, "index": 886 },
  { "name": "효과", "frequency": 21, "index": 895 }
]
