﻿[{"name": "가능", "frequency": 18, "index": 0}, {"name": "가정", "frequency": 6, "index": 4}, {"name": "갈등", "frequency": 7, "index": 8}, {"name": "강제", "frequency": 5, "index": 17}, {"name": "개편", "frequency": 18, "index": 26}, {"name": "결과", "frequency": 9, "index": 32}, {"name": "결국", "frequency": 8, "index": 33}, {"name": "경우", "frequency": 55, "index": 43}, {"name": "고령", "frequency": 20, "index": 57}, {"name": "고령사회", "frequency": 10, "index": 59}, {"name": "고용", "frequency": 11, "index": 63}, {"name": "고용시장", "frequency": 6, "index": 69}, {"name": "공무", "frequency": 30, "index": 90}, {"name": "공적연금", "frequency": 6, "index": 94}, {"name": "과정", "frequency": 5, "index": 98}, {"name": "교수", "frequency": 19, "index": 102}, {"name": "구조", "frequency": 5, "index": 107}, {"name": "국가", "frequency": 5, "index": 112}, {"name": "국민연금", "frequency": 6, "index": 116}, {"name": "근로", "frequency": 17, "index": 130}, {"name": "근무", "frequency": 12, "index": 134}, {"name": "기간", "frequency": 5, "index": 141}, {"name": "기본", "frequency": 11, "index": 148}, {"name": "기업", "frequency": 66, "index": 155}, {"name": "기초연금", "frequency": 5, "index": 163}, {"name": "나라", "frequency": 49, "index": 173}, {"name": "나이", "frequency": 8, "index": 176}, {"name": "노동", "frequency": 18, "index": 183}, {"name": "노동시장", "frequency": 15, "index": 185}, {"name": "노인", "frequency": 39, "index": 191}, {"name": "노인복지", "frequency": 5, "index": 193}, {"name": "노인빈곤", "frequency": 11, "index": 195}, {"name": "노조", "frequency": 5, "index": 200}, {"name": "노후", "frequency": 5, "index": 202}, {"name": "논의", "frequency": 38, "index": 210}, {"name": "다양", "frequency": 6, "index": 221}, {"name": "다음", "frequency": 19, "index": 222}, {"name": "당장", "frequency": 6, "index": 231}, {"name": "대안", "frequency": 10, "index": 236}, {"name": "도입", "frequency": 10, "index": 248}, {"name": "동의", "frequency": 14, "index": 256}, {"name": "마련", "frequency": 5, "index": 259}, {"name": "마지막", "frequency": 5, "index": 263}, {"name": "만약", "frequency": 12, "index": 266}, {"name": "말씀", "frequency": 87, "index": 267}, {"name": "문제", "frequency": 57, "index": 281}, {"name": "미국", "frequency": 5, "index": 284}, {"name": "반대", "frequency": 10, "index": 298}, {"name": "법원", "frequency": 5, "index": 325}, {"name": "변화", "frequency": 6, "index": 333}, {"name": "보완", "frequency": 7, "index": 335}, {"name": "복지", "frequency": 6, "index": 341}, {"name": "부담", "frequency": 21, "index": 351}, {"name": "부분", "frequency": 102, "index": 355}, {"name": "부족", "frequency": 15, "index": 360}, {"name": "불구", "frequency": 5, "index": 369}, {"name": "빈곤", "frequency": 12, "index": 379}, {"name": "사람", "frequency": 31, "index": 382}, {"name": "사례", "frequency": 6, "index": 383}, {"name": "사실", "frequency": 15, "index": 386}, {"name": "사회", "frequency": 16, "index": 392}, {"name": "산업", "frequency": 6, "index": 403}, {"name": "상황", "frequency": 34, "index": 422}, {"name": "생각", "frequency": 43, "index": 426}, {"name": "생산", "frequency": 11, "index": 427}, {"name": "생산가능인구", "frequency": 9, "index": 428}, {"name": "선생", "frequency": 9, "index": 438}, {"name": "선택", "frequency": 5, "index": 440}, {"name": "성장", "frequency": 5, "index": 449}, {"name": "세대", "frequency": 10, "index": 453}, {"name": "소득", "frequency": 11, "index": 459}, {"name": "소수", "frequency": 7, "index": 461}, {"name": "속도", "frequency": 5, "index": 464}, {"name": "수치", "frequency": 6, "index": 474}, {"name": "시간", "frequency": 7, "index": 479}, {"name": "시기", "frequency": 7, "index": 480}, {"name": "시대", "frequency": 5, "index": 482}, {"name": "시작", "frequency": 13, "index": 487}, {"name": "시장", "frequency": 10, "index": 488}, {"name": "시점", "frequency": 22, "index": 490}, {"name": "시청", "frequency": 6, "index": 492}, {"name": "시행", "frequency": 11, "index": 493}, {"name": "실질", "frequency": 37, "index": 502}, {"name": "안착", "frequency": 5, "index": 519}, {"name": "얘기", "frequency": 35, "index": 531}, {"name": "어르신", "frequency": 5, "index": 533}, {"name": "역할", "frequency": 6, "index": 542}, {"name": "연구", "frequency": 7, "index": 547}, {"name": "연금", "frequency": 7, "index": 549}, {"name": "연장", "frequency": 27, "index": 557}, {"name": "오늘", "frequency": 7, "index": 565}, {"name": "우려", "frequency": 5, "index": 576}, {"name": "유연화", "frequency": 13, "index": 590}, {"name": "의견", "frequency": 19, "index": 598}, {"name": "이상", "frequency": 21, "index": 608}, {"name": "이슈", "frequency": 7, "index": 610}, {"name": "이야기", "frequency": 10, "index": 611}, {"name": "이유", "frequency": 6, "index": 613}, {"name": "이후", "frequency": 5, "index": 619}, {"name": "인구", "frequency": 8, "index": 620}, {"name": "인정", "frequency": 5, "index": 628}, {"name": "일본", "frequency": 44, "index": 635}, {"name": "일자리", "frequency": 46, "index": 638}, {"name": "임금", "frequency": 21, "index": 643}, {"name": "임금구조", "frequency": 6, "index": 644}, {"name": "임금체계", "frequency": 18, "index": 650}, {"name": "임금피크", "frequency": 6, "index": 651}, {"name": "입법", "frequency": 5, "index": 653}, {"name": "입사", "frequency": 5, "index": 654}, {"name": "입장", "frequency": 7, "index": 655}, {"name": "자리", "frequency": 6, "index": 661}, {"name": "자산", "frequency": 7, "index": 664}, {"name": "작용", "frequency": 6, "index": 673}, {"name": "전제조건", "frequency": 5, "index": 693}, {"name": "정년", "frequency": 94, "index": 705}, {"name": "정년연장", "frequency": 55, "index": 706}, {"name": "정도", "frequency": 26, "index": 711}, {"name": "정부", "frequency": 21, "index": 714}, {"name": "정책", "frequency": 6, "index": 719}, {"name": "제도", "frequency": 12, "index": 723}, {"name": "조직", "frequency": 8, "index": 729}, {"name": "존재", "frequency": 14, "index": 731}, {"name": "준비", "frequency": 13, "index": 743}, {"name": "중소기업", "frequency": 5, "index": 747}, {"name": "중요", "frequency": 10, "index": 751}, {"name": "지금", "frequency": 18, "index": 756}, {"name": "지불능력", "frequency": 5, "index": 761}, {"name": "직무", "frequency": 6, "index": 767}, {"name": "직무급제", "frequency": 11, "index": 769}, {"name": "직업", "frequency": 8, "index": 774}, {"name": "직장", "frequency": 8, "index": 777}, {"name": "직종", "frequency": 6, "index": 779}, {"name": "찬성", "frequency": 7, "index": 792}, {"name": "청년", "frequency": 42, "index": 800}, {"name": "청년실업", "frequency": 5, "index": 803}, {"name": "청년층", "frequency": 7, "index": 805}, {"name": "초반", "frequency": 5, "index": 809}, {"name": "축소", "frequency": 8, "index": 822}, {"name": "토론", "frequency": 11, "index": 838}, {"name": "퇴직", "frequency": 6, "index": 845}, {"name": "평균", "frequency": 10, "index": 858}, {"name": "평론", "frequency": 7, "index": 860}, {"name": "폐지", "frequency": 9, "index": 862}, {"name": "필요", "frequency": 30, "index": 870}, {"name": "해결", "frequency": 20, "index": 883}, {"name": "핵심", "frequency": 5, "index": 891}, {"name": "현상", "frequency": 13, "index": 897}, {"name": "현재", "frequency": 5, "index": 899}, {"name": "형태", "frequency": 5, "index": 903}, {"name": "혜택", "frequency": 20, "index": 904}, {"name": "호봉", "frequency": 15, "index": 905}, {"name": "회사", "frequency": 13, "index": 918}]