﻿[
  { "name": "강기", "occurrence": 18, "index": 17 },
  { "name": "결국", "occurrence": 9, "index": 39 },
  { "name": "경남", "occurrence": 7, "index": 42 },
  { "name": "경북", "occurrence": 7, "index": 43 },
  { "name": "경우", "occurrence": 18, "index": 44 },
  { "name": "경제", "occurrence": 11, "index": 47 },
  { "name": "경험", "occurrence": 5, "index": 49 },
  { "name": "공개", "occurrence": 9, "index": 72 },
  { "name": "공기업", "occurrence": 8, "index": 76 },
  { "name": "공장", "occurrence": 6, "index": 81 },
  { "name": "공항", "occurrence": 72, "index": 87 },
  { "name": "과거", "occurrence": 5, "index": 88 },
  { "name": "관문", "occurrence": 13, "index": 96 },
  { "name": "광역", "occurrence": 8, "index": 100 },
  { "name": "광주", "occurrence": 66, "index": 102 },
  { "name": "교육", "occurrence": 14, "index": 105 },
  { "name": "국민", "occurrence": 15, "index": 115 },
  { "name": "국회", "occurrence": 10, "index": 119 },
  { "name": "국회의원", "occurrence": 9, "index": 120 },
  { "name": "군부대", "occurrence": 5, "index": 121 },
  { "name": "균형", "occurrence": 21, "index": 128 },
  { "name": "그때", "occurrence": 5, "index": 130 },
  { "name": "근무", "occurrence": 6, "index": 136 },
  { "name": "기관", "occurrence": 10, "index": 145 },
  { "name": "기능", "occurrence": 6, "index": 146 },
  { "name": "기반", "occurrence": 6, "index": 151 },
  { "name": "기업", "occurrence": 19, "index": 158 },
  { "name": "내가", "occurrence": 17, "index": 177 },
  { "name": "다음", "occurrence": 11, "index": 197 },
  { "name": "당선", "occurrence": 5, "index": 208 },
  { "name": "당선자", "occurrence": 9, "index": 210 },
  { "name": "당시", "occurrence": 5, "index": 211 },
  { "name": "대구", "occurrence": 69, "index": 214 },
  { "name": "대선", "occurrence": 16, "index": 222 },
  { "name": "대통령", "occurrence": 12, "index": 228 },
  { "name": "대표", "occurrence": 5, "index": 229 },
  { "name": "대학", "occurrence": 6, "index": 231 },
  { "name": "대한민국", "occurrence": 14, "index": 233 },
  { "name": "도시", "occurrence": 24, "index": 234 },
  { "name": "독점", "occurrence": 19, "index": 240 },
  { "name": "동맹", "occurrence": 16, "index": 243 },
  { "name": "동안", "occurrence": 8, "index": 244 },
  { "name": "마련", "occurrence": 6, "index": 254 },
  { "name": "말씀", "occurrence": 35, "index": 264 },
  { "name": "명단", "occurrence": 6, "index": 273 },
  { "name": "모든", "occurrence": 5, "index": 276 },
  { "name": "무안", "occurrence": 14, "index": 282 },
  { "name": "문제", "occurrence": 17, "index": 285 },
  { "name": "문화", "occurrence": 11, "index": 286 },
  { "name": "물류", "occurrence": 5, "index": 289 },
  { "name": "미국", "occurrence": 5, "index": 293 },
  { "name": "민주당", "occurrence": 25, "index": 300 },
  { "name": "반도체", "occurrence": 17, "index": 307 },
  { "name": "발전", "occurrence": 22, "index": 314 },
  { "name": "방식", "occurrence": 8, "index": 321 },
  { "name": "부분", "occurrence": 13, "index": 344 },
  { "name": "부산", "occurrence": 7, "index": 345 },
  { "name": "사람", "occurrence": 18, "index": 370 },
  { "name": "사실", "occurrence": 22, "index": 373 },
  { "name": "산업", "occurrence": 28, "index": 381 },
  { "name": "삼성", "occurrence": 5, "index": 384 },
  { "name": "상황", "occurrence": 6, "index": 389 },
  { "name": "생각", "occurrence": 30, "index": 390 },
  { "name": "서울", "occurrence": 21, "index": 394 },
  { "name": "선거", "occurrence": 14, "index": 397 },
  { "name": "소멸", "occurrence": 7, "index": 416 },
  { "name": "수도권", "occurrence": 44, "index": 425 },
  { "name": "수준", "occurrence": 14, "index": 433 },
  { "name": "수출", "occurrence": 5, "index": 434 },
  { "name": "시간", "occurrence": 5, "index": 438 },
  { "name": "시대", "occurrence": 6, "index": 442 },
  { "name": "시도", "occurrence": 7, "index": 443 },
  { "name": "시민", "occurrence": 9, "index": 444 },
  { "name": "시장", "occurrence": 75, "index": 450 },
  { "name": "신공항", "occurrence": 5, "index": 456 },
  { "name": "신임", "occurrence": 5, "index": 459 },
  { "name": "안녕", "occurrence": 5, "index": 474 },
  { "name": "야당", "occurrence": 9, "index": 480 },
  { "name": "약속", "occurrence": 11, "index": 483 },
  { "name": "얘기", "occurrence": 6, "index": 489 },
  { "name": "억제", "occurrence": 10, "index": 493 },
  { "name": "여객", "occurrence": 6, "index": 499 },
  { "name": "여당", "occurrence": 9, "index": 501 },
  { "name": "여의도", "occurrence": 5, "index": 505 },
  { "name": "역사", "occurrence": 7, "index": 507 },
  { "name": "오늘", "occurrence": 7, "index": 519 },
  { "name": "요즘", "occurrence": 6, "index": 525 },
  { "name": "우리나라", "occurrence": 14, "index": 528 },
  { "name": "우선", "occurrence": 7, "index": 530 },
  { "name": "유치", "occurrence": 8, "index": 550 },
  { "name": "의료", "occurrence": 9, "index": 558 },
  { "name": "의무감", "occurrence": 6, "index": 560 },
  { "name": "이번", "occurrence": 8, "index": 573 },
  { "name": "이상", "occurrence": 13, "index": 574 },
  { "name": "이야기", "occurrence": 35, "index": 577 },
  { "name": "이유", "occurrence": 14, "index": 578 },
  { "name": "이전", "occurrence": 18, "index": 582 },
  { "name": "이제", "occurrence": 15, "index": 583 },
  { "name": "인구", "occurrence": 13, "index": 587 },
  { "name": "인재", "occurrence": 5, "index": 594 },
  { "name": "인천", "occurrence": 19, "index": 597 },
  { "name": "자동차", "occurrence": 8, "index": 618 },
  { "name": "자랑", "occurrence": 6, "index": 619 },
  { "name": "자치", "occurrence": 7, "index": 626 },
  { "name": "잘못", "occurrence": 5, "index": 627 },
  { "name": "재배치", "occurrence": 7, "index": 636 },
  { "name": "재정", "occurrence": 5, "index": 638 },
  { "name": "전부", "occurrence": 5, "index": 656 },
  { "name": "전적", "occurrence": 5, "index": 661 },
  { "name": "정당", "occurrence": 8, "index": 667 },
  { "name": "정도", "occurrence": 7, "index": 668 },
  { "name": "정부", "occurrence": 39, "index": 672 },
  { "name": "정책", "occurrence": 26, "index": 679 },
  { "name": "정치", "occurrence": 22, "index": 681 },
  { "name": "정치가", "occurrence": 5, "index": 682 },
  { "name": "정치적", "occurrence": 6, "index": 685 },
  { "name": "제가", "occurrence": 30, "index": 687 },
  { "name": "제대", "occurrence": 5, "index": 690 },
  { "name": "조금", "occurrence": 5, "index": 703 },
  { "name": "주의", "occurrence": 5, "index": 722 },
  { "name": "중심", "occurrence": 13, "index": 727 },
  { "name": "중앙", "occurrence": 10, "index": 729 },
  { "name": "중요", "occurrence": 5, "index": 730 },
  { "name": "지금", "occurrence": 45, "index": 734 },
  { "name": "지방", "occurrence": 56, "index": 739 },
  { "name": "지사", "occurrence": 5, "index": 743 },
  { "name": "지역", "occurrence": 22, "index": 748 },
  { "name": "진짜", "occurrence": 5, "index": 768 },
  { "name": "질문", "occurrence": 8, "index": 770 },
  { "name": "집중", "occurrence": 12, "index": 773 },
  { "name": "책임", "occurrence": 6, "index": 784 },
  { "name": "첨단", "occurrence": 10, "index": 789 },
  { "name": "청와대", "occurrence": 6, "index": 792 },
  { "name": "충남", "occurrence": 6, "index": 804 },
  { "name": "토론", "occurrence": 18, "index": 816 },
  { "name": "투자", "occurrence": 10, "index": 825 },
  { "name": "평가", "occurrence": 15, "index": 835 },
  { "name": "하늘길", "occurrence": 5, "index": 853 },
  { "name": "학과", "occurrence": 6, "index": 858 },
  { "name": "한번", "occurrence": 11, "index": 867 },
  { "name": "항공", "occurrence": 9, "index": 870 },
  { "name": "혁신", "occurrence": 6, "index": 880 },
  { "name": "현상", "occurrence": 5, "index": 884 },
  { "name": "호남", "occurrence": 11, "index": 890 },
  { "name": "화물", "occurrence": 8, "index": 893 },
  { "name": "후보", "occurrence": 13, "index": 904 }
]
