{
  "그것": true,
  "저희": true,
  "거거": true,
  "결국": true,
  "제가": true,
  "말씀": true,
  "생각": true,
  "얘기": true,
  "지금": true,
  "고민": true,
  "내가": true,
  "만약": true,
  "부분": true,
  "사실": true,
  "정도": true,
  "조금": true,
  "적인": true,
  "하면": true,
  "오늘": true,
  "튜브": true,
  "나중": true,
  "하면서": true,
  "경우": true,
  "이제": true,
  "공식적": true,
  "요고": true,
  "원이면": true,
  "이번": true,
  "병제": true,
  "모병제": false,
  "징병제": false
}
