﻿[{"name": "가구", "frequency": 13, "index": 0}, {"name": "가능", "frequency": 7, "index": 3}, {"name": "감면", "frequency": 7, "index": 14}, {"name": "개념", "frequency": 10, "index": 22}, {"name": "개인", "frequency": 6, "index": 28}, {"name": "경우", "frequency": 9, "index": 41}, {"name": "경제", "frequency": 14, "index": 43}, {"name": "경제성장", "frequency": 6, "index": 46}, {"name": "경제효과", "frequency": 9, "index": 51}, {"name": "경험", "frequency": 5, "index": 52}, {"name": "계산", "frequency": 11, "index": 54}, {"name": "관계", "frequency": 5, "index": 73}, {"name": "관심", "frequency": 5, "index": 76}, {"name": "교수", "frequency": 14, "index": 79}, {"name": "국민", "frequency": 18, "index": 81}, {"name": "균형", "frequency": 10, "index": 85}, {"name": "기능", "frequency": 5, "index": 99}, {"name": "기본소득", "frequency": 51, "index": 101}, {"name": "기존", "frequency": 10, "index": 110}, {"name": "기준", "frequency": 6, "index": 111}, {"name": "긴급재난지원", "frequency": 8, "index": 118}, {"name": "나라", "frequency": 7, "index": 122}, {"name": "다음", "frequency": 6, "index": 141}, {"name": "단순", "frequency": 6, "index": 143}, {"name": "대상", "frequency": 5, "index": 150}, {"name": "대체", "frequency": 6, "index": 151}, {"name": "대표", "frequency": 8, "index": 153}, {"name": "도움", "frequency": 5, "index": 159}, {"name": "매출", "frequency": 6, "index": 179}, {"name": "문제", "frequency": 11, "index": 188}, {"name": "박기성", "frequency": 6, "index": 200}, {"name": "복지", "frequency": 13, "index": 230}, {"name": "사람", "frequency": 35, "index": 273}, {"name": "사회", "frequency": 5, "index": 278}, {"name": "선택", "frequency": 8, "index": 307}, {"name": "설계", "frequency": 6, "index": 308}, {"name": "설명", "frequency": 14, "index": 310}, {"name": "세금", "frequency": 13, "index": 316}, {"name": "소득", "frequency": 34, "index": 324}, {"name": "소득세", "frequency": 8, "index": 329}, {"name": "소비", "frequency": 24, "index": 334}, {"name": "손해", "frequency": 5, "index": 342}, {"name": "수요", "frequency": 5, "index": 347}, {"name": "순환", "frequency": 5, "index": 352}, {"name": "시민", "frequency": 5, "index": 360}, {"name": "시작", "frequency": 6, "index": 361}, {"name": "시장", "frequency": 6, "index": 362}, {"name": "시행", "frequency": 8, "index": 367}, {"name": "실패", "frequency": 7, "index": 374}, {"name": "안심소득", "frequency": 14, "index": 384}, {"name": "얼마", "frequency": 5, "index": 399}, {"name": "역할", "frequency": 6, "index": 407}, {"name": "연구", "frequency": 7, "index": 410}, {"name": "예산", "frequency": 7, "index": 419}, {"name": "우파", "frequency": 5, "index": 434}, {"name": "의견", "frequency": 10, "index": 447}, {"name": "의미", "frequency": 5, "index": 448}, {"name": "이상", "frequency": 6, "index": 453}, {"name": "이야기", "frequency": 14, "index": 454}, {"name": "이원재", "frequency": 6, "index": 455}, {"name": "이해", "frequency": 8, "index": 460}, {"name": "재난기본소득", "frequency": 5, "index": 499}, {"name": "재난지원", "frequency": 10, "index": 500}, {"name": "재원", "frequency": 18, "index": 502}, {"name": "저축", "frequency": 10, "index": 507}, {"name": "전제", "frequency": 5, "index": 517}, {"name": "정부", "frequency": 11, "index": 531}, {"name": "정의", "frequency": 8, "index": 536}, {"name": "정책", "frequency": 8, "index": 537}, {"name": "제도", "frequency": 22, "index": 544}, {"name": "주장", "frequency": 6, "index": 566}, {"name": "준비", "frequency": 5, "index": 567}, {"name": "중요", "frequency": 7, "index": 575}, {"name": "증세", "frequency": 20, "index": 584}, {"name": "지급", "frequency": 25, "index": 586}, {"name": "지원", "frequency": 20, "index": 593}, {"name": "집중", "frequency": 7, "index": 608}, {"name": "차이", "frequency": 5, "index": 612}, {"name": "취급", "frequency": 5, "index": 638}, {"name": "토론", "frequency": 10, "index": 650}, {"name": "투자", "frequency": 15, "index": 654}, {"name": "파악", "frequency": 8, "index": 657}, {"name": "폐지", "frequency": 9, "index": 665}, {"name": "필요", "frequency": 21, "index": 676}, {"name": "현금", "frequency": 6, "index": 697}, {"name": "형태", "frequency": 5, "index": 704}, {"name": "혜택", "frequency": 11, "index": 705}, {"name": "확대", "frequency": 6, "index": 710}, {"name": "효과", "frequency": 15, "index": 715}]