{
  "0": {},
  "1": {},
  "2": { "기본소득": { "term": "기본소득", "sentenceIndexes": [2, 3, 5] } },
  "3": { "기본소득": { "term": "기본소득", "sentenceIndexes": [2, 3, 5] } },
  "4": {},
  "5": {
    "기본소득": { "term": "기본소득", "sentenceIndexes": [2, 3, 5] },
    "패널": { "term": "패널", "sentenceIndexes": [5, 6] }
  },
  "6": {
    "패널": { "term": "패널", "sentenceIndexes": [5, 6] },
    "소개": { "term": "소개", "sentenceIndexes": [6, 14] }
  },
  "7": {},
  "8": {},
  "9": {},
  "10": {},
  "11": {},
  "12": {},
  "13": {
    "의견": { "term": "의견", "sentenceIndexes": [13, 14] },
    "시청": { "term": "시청", "sentenceIndexes": [13, 21] }
  },
  "14": {
    "의견": { "term": "의견", "sentenceIndexes": [13, 14] },
    "소개": { "term": "소개", "sentenceIndexes": [6, 14] },
    "방송": { "term": "방송", "sentenceIndexes": [14, 21] }
  },
  "15": {},
  "16": {
    "긴급재난지원": {
      "term": "긴급재난지원",
      "sentenceIndexes": [16, 18, 19, 20]
    }
  },
  "17": {},
  "18": {
    "긴급재난지원": {
      "term": "긴급재난지원",
      "sentenceIndexes": [16, 18, 19, 20]
    }
  },
  "19": {
    "긴급재난지원": {
      "term": "긴급재난지원",
      "sentenceIndexes": [16, 18, 19, 20]
    },
    "효과": { "term": "효과", "sentenceIndexes": [19, 20] },
    "지급": { "term": "지급", "sentenceIndexes": [19, 22, 23, 27] }
  },
  "20": {
    "긴급재난지원": {
      "term": "긴급재난지원",
      "sentenceIndexes": [16, 18, 19, 20]
    },
    "효과": { "term": "효과", "sentenceIndexes": [19, 20] }
  },
  "21": {
    "방송": { "term": "방송", "sentenceIndexes": [14, 21] },
    "시청": { "term": "시청", "sentenceIndexes": [13, 21] }
  },
  "22": {
    "지급": { "term": "지급", "sentenceIndexes": [19, 22, 23, 27] },
    "경기도": { "term": "경기도", "sentenceIndexes": [22, 23] },
    "매출": { "term": "매출", "sentenceIndexes": [22, 25, 26, 27] },
    "신용카드": { "term": "신용카드", "sentenceIndexes": [22, 26] }
  },
  "23": {
    "경기도": { "term": "경기도", "sentenceIndexes": [22, 23] },
    "지급": { "term": "지급", "sentenceIndexes": [19, 22, 23, 27] }
  },
  "24": {},
  "25": {
    "매출": { "term": "매출", "sentenceIndexes": [22, 25, 26, 27] },
    "재난기본소득": { "term": "재난기본소득", "sentenceIndexes": [25, 26] },
    "취급": { "term": "취급", "sentenceIndexes": [25, 26] }
  },
  "26": {
    "신용카드": { "term": "신용카드", "sentenceIndexes": [22, 26] },
    "매출": { "term": "매출", "sentenceIndexes": [22, 25, 26, 27] },
    "재난기본소득": { "term": "재난기본소득", "sentenceIndexes": [25, 26] },
    "취급": { "term": "취급", "sentenceIndexes": [25, 26] }
  },
  "27": {
    "지급": { "term": "지급", "sentenceIndexes": [19, 22, 23, 27] },
    "매출": { "term": "매출", "sentenceIndexes": [22, 25, 26, 27] },
    "경제효과": { "term": "경제효과", "sentenceIndexes": [27, 29] },
    "미래": { "term": "미래", "sentenceIndexes": [27, 30] }
  },
  "28": {},
  "29": { "경제효과": { "term": "경제효과", "sentenceIndexes": [27, 29] } },
  "30": {
    "미래": { "term": "미래", "sentenceIndexes": [27, 30] },
    "경험": { "term": "경험", "sentenceIndexes": [30, 36, 37] }
  },
  "31": {},
  "32": {},
  "33": { "재난지원": { "term": "재난지원", "sentenceIndexes": [33, 34, 38] } },
  "34": { "재난지원": { "term": "재난지원", "sentenceIndexes": [33, 34, 38] } },
  "35": {},
  "36": {
    "경험": { "term": "경험", "sentenceIndexes": [30, 36, 37] },
    "기분": { "term": "기분", "sentenceIndexes": [36, 37] }
  },
  "37": {
    "기분": { "term": "기분", "sentenceIndexes": [36, 37] },
    "경험": { "term": "경험", "sentenceIndexes": [30, 36, 37] }
  },
  "38": { "재난지원": { "term": "재난지원", "sentenceIndexes": [33, 34, 38] } },
  "39": {},
  "40": {
    "소비": { "term": "소비", "sentenceIndexes": [40, 41, 45, 50, 54, 62, 65] },
    "투자": { "term": "투자", "sentenceIndexes": [40, 41] }
  },
  "41": {
    "소비": { "term": "소비", "sentenceIndexes": [40, 41, 45, 50, 54, 62, 65] },
    "투자": { "term": "투자", "sentenceIndexes": [40, 41] }
  },
  "42": {},
  "43": {
    "케인지안": { "term": "케인지안", "sentenceIndexes": [43, 47] },
    "사고": { "term": "사고", "sentenceIndexes": [43, 48] }
  },
  "44": {},
  "45": {
    "소비": { "term": "소비", "sentenceIndexes": [40, 41, 45, 50, 54, 62, 65] },
    "내일": { "term": "내일", "sentenceIndexes": [45, 50] },
    "대치관계": { "term": "대치관계", "sentenceIndexes": [45, 50] },
    "저축": { "term": "저축", "sentenceIndexes": [45, 51, 52, 53, 54, 62] },
    "개인": { "term": "개인", "sentenceIndexes": [45, 54, 58] },
    "선택": { "term": "선택", "sentenceIndexes": [45, 54, 58, 65] }
  },
  "46": {},
  "47": { "케인지안": { "term": "케인지안", "sentenceIndexes": [43, 47] } },
  "48": { "사고": { "term": "사고", "sentenceIndexes": [43, 48] } },
  "49": {},
  "50": {
    "소비": { "term": "소비", "sentenceIndexes": [40, 41, 45, 50, 54, 62, 65] },
    "내일": { "term": "내일", "sentenceIndexes": [45, 50] },
    "대치관계": { "term": "대치관계", "sentenceIndexes": [45, 50] }
  },
  "51": {
    "저축": { "term": "저축", "sentenceIndexes": [45, 51, 52, 53, 54, 62] }
  },
  "52": {
    "저축": { "term": "저축", "sentenceIndexes": [45, 51, 52, 53, 54, 62] }
  },
  "53": {
    "저축": { "term": "저축", "sentenceIndexes": [45, 51, 52, 53, 54, 62] }
  },
  "54": {
    "개인": { "term": "개인", "sentenceIndexes": [45, 54, 58] },
    "선택": { "term": "선택", "sentenceIndexes": [45, 54, 58, 65] },
    "소비": { "term": "소비", "sentenceIndexes": [40, 41, 45, 50, 54, 62, 65] },
    "저축": { "term": "저축", "sentenceIndexes": [45, 51, 52, 53, 54, 62] }
  },
  "55": {},
  "56": { "장기": { "term": "장기", "sentenceIndexes": [56, 59, 65] } },
  "57": {},
  "58": {
    "개인": { "term": "개인", "sentenceIndexes": [45, 54, 58] },
    "선택": { "term": "선택", "sentenceIndexes": [45, 54, 58, 65] },
    "도움": { "term": "도움", "sentenceIndexes": [58, 65] }
  },
  "59": { "장기": { "term": "장기", "sentenceIndexes": [56, 59, 65] } },
  "60": {},
  "61": {},
  "62": {
    "소비": { "term": "소비", "sentenceIndexes": [40, 41, 45, 50, 54, 62, 65] },
    "저축": { "term": "저축", "sentenceIndexes": [45, 51, 52, 53, 54, 62] }
  },
  "63": {},
  "64": {},
  "65": {
    "선택": { "term": "선택", "sentenceIndexes": [45, 54, 58, 65] },
    "소비": { "term": "소비", "sentenceIndexes": [40, 41, 45, 50, 54, 62, 65] },
    "도움": { "term": "도움", "sentenceIndexes": [58, 65] },
    "장기": { "term": "장기", "sentenceIndexes": [56, 59, 65] }
  },
  "66": {},
  "67": { "대표": { "term": "대표", "sentenceIndexes": [67, 72] } },
  "68": {},
  "69": { "정책연구": { "term": "정책연구", "sentenceIndexes": [69, 70] } },
  "70": {
    "정책연구": { "term": "정책연구", "sentenceIndexes": [69, 70] },
    "시민": { "term": "시민", "sentenceIndexes": [70, 71, 79, 85, 86] }
  },
  "71": { "시민": { "term": "시민", "sentenceIndexes": [70, 71, 79, 85, 86] } },
  "72": {
    "대표": { "term": "대표", "sentenceIndexes": [67, 72] },
    "전화": { "term": "전화", "sentenceIndexes": [72, 74] },
    "연구": { "term": "연구", "sentenceIndexes": [72, 76] }
  },
  "73": {
    "기본소득": {
      "term": "기본소득",
      "sentenceIndexes": [73, 76, 81, 86, 93, 96, 97, 98, 100, 104]
    },
    "재난지원": { "term": "재난지원", "sentenceIndexes": [73, 81, 86, 93] }
  },
  "74": { "전화": { "term": "전화", "sentenceIndexes": [72, 74] } },
  "75": { "동네": { "term": "동네", "sentenceIndexes": [75, 76] } },
  "76": {
    "동네": { "term": "동네", "sentenceIndexes": [75, 76] },
    "기본소득": {
      "term": "기본소득",
      "sentenceIndexes": [73, 76, 81, 86, 93, 96, 97, 98, 100, 104]
    },
    "연구": { "term": "연구", "sentenceIndexes": [72, 76] }
  },
  "77": {},
  "78": { "정책": { "term": "정책", "sentenceIndexes": [78, 84, 85] } },
  "79": {
    "시민": { "term": "시민", "sentenceIndexes": [70, 71, 79, 85, 86] },
    "토론": { "term": "토론", "sentenceIndexes": [79, 83, 86] }
  },
  "80": {},
  "81": {
    "기본소득": {
      "term": "기본소득",
      "sentenceIndexes": [73, 76, 81, 86, 93, 96, 97, 98, 100, 104]
    },
    "재난지원": { "term": "재난지원", "sentenceIndexes": [73, 81, 86, 93] },
    "단순": { "term": "단순", "sentenceIndexes": [81, 86] }
  },
  "82": {},
  "83": { "토론": { "term": "토론", "sentenceIndexes": [79, 83, 86] } },
  "84": { "정책": { "term": "정책", "sentenceIndexes": [78, 84, 85] } },
  "85": {
    "시민": { "term": "시민", "sentenceIndexes": [70, 71, 79, 85, 86] },
    "정책": { "term": "정책", "sentenceIndexes": [78, 84, 85] }
  },
  "86": {
    "기본소득": {
      "term": "기본소득",
      "sentenceIndexes": [73, 76, 81, 86, 93, 96, 97, 98, 100, 104]
    },
    "재난지원": { "term": "재난지원", "sentenceIndexes": [73, 81, 86, 93] },
    "시민": { "term": "시민", "sentenceIndexes": [70, 71, 79, 85, 86] },
    "토론": { "term": "토론", "sentenceIndexes": [79, 83, 86] },
    "단순": { "term": "단순", "sentenceIndexes": [81, 86] },
    "효과": { "term": "효과", "sentenceIndexes": [86, 87] },
    "민주주의": { "term": "민주주의", "sentenceIndexes": [86, 92] }
  },
  "87": { "효과": { "term": "효과", "sentenceIndexes": [86, 87] } },
  "88": {},
  "89": {},
  "90": {},
  "91": {},
  "92": { "민주주의": { "term": "민주주의", "sentenceIndexes": [86, 92] } },
  "93": {
    "재난지원": { "term": "재난지원", "sentenceIndexes": [73, 81, 86, 93] },
    "기본소득": {
      "term": "기본소득",
      "sentenceIndexes": [73, 76, 81, 86, 93, 96, 97, 98, 100, 104]
    }
  },
  "94": {},
  "95": { "시작": { "term": "시작", "sentenceIndexes": [95, 96] } },
  "96": {
    "시작": { "term": "시작", "sentenceIndexes": [95, 96] },
    "기본소득": {
      "term": "기본소득",
      "sentenceIndexes": [73, 76, 81, 86, 93, 96, 97, 98, 100, 104]
    }
  },
  "97": {
    "기본소득": {
      "term": "기본소득",
      "sentenceIndexes": [73, 76, 81, 86, 93, 96, 97, 98, 100, 104]
    },
    "긴급재난지원": { "term": "긴급재난지원", "sentenceIndexes": [97, 98] }
  },
  "98": {
    "긴급재난지원": { "term": "긴급재난지원", "sentenceIndexes": [97, 98] },
    "기본소득": {
      "term": "기본소득",
      "sentenceIndexes": [73, 76, 81, 86, 93, 96, 97, 98, 100, 104]
    },
    "국민": { "term": "국민", "sentenceIndexes": [98, 101] },
    "현금지급": { "term": "현금지급", "sentenceIndexes": [98, 103, 105] },
    "현금": { "term": "현금", "sentenceIndexes": [98, 103] },
    "필요": { "term": "필요", "sentenceIndexes": [98, 103, 109] },
    "개념정리": { "term": "개념정리", "sentenceIndexes": [98, 105] }
  },
  "99": {},
  "100": {
    "기본소득": {
      "term": "기본소득",
      "sentenceIndexes": [73, 76, 81, 86, 93, 96, 97, 98, 100, 104]
    }
  },
  "101": { "국민": { "term": "국민", "sentenceIndexes": [98, 101] } },
  "102": {},
  "103": {
    "현금지급": { "term": "현금지급", "sentenceIndexes": [98, 103, 105] },
    "현금": { "term": "현금", "sentenceIndexes": [98, 103] },
    "필요": { "term": "필요", "sentenceIndexes": [98, 103, 109] },
    "교수": { "term": "교수", "sentenceIndexes": [103, 106] }
  },
  "104": {
    "기본소득": {
      "term": "기본소득",
      "sentenceIndexes": [73, 76, 81, 86, 93, 96, 97, 98, 100, 104]
    }
  },
  "105": {
    "개념정리": { "term": "개념정리", "sentenceIndexes": [98, 105] },
    "현금지급": { "term": "현금지급", "sentenceIndexes": [98, 103, 105] }
  },
  "106": { "교수": { "term": "교수", "sentenceIndexes": [103, 106] } },
  "107": { "양극": { "term": "양극", "sentenceIndexes": [107, 108] } },
  "108": { "양극": { "term": "양극", "sentenceIndexes": [107, 108] } },
  "109": {
    "필요": { "term": "필요", "sentenceIndexes": [98, 103, 109] },
    "노동": { "term": "노동", "sentenceIndexes": [109, 110] }
  },
  "110": {
    "노동": { "term": "노동", "sentenceIndexes": [109, 110] },
    "수요": { "term": "수요", "sentenceIndexes": [110, 111] }
  },
  "111": {
    "수요": { "term": "수요", "sentenceIndexes": [110, 111] },
    "경제": { "term": "경제", "sentenceIndexes": [111, 112, 121] },
    "순환": { "term": "순환", "sentenceIndexes": [111, 113] },
    "교과서": { "term": "교과서", "sentenceIndexes": [111, 121] }
  },
  "112": { "경제": { "term": "경제", "sentenceIndexes": [111, 112, 121] } },
  "113": {
    "순환": { "term": "순환", "sentenceIndexes": [111, 113] },
    "정부": { "term": "정부", "sentenceIndexes": [113, 120] },
    "역할": { "term": "역할", "sentenceIndexes": [113, 120] }
  },
  "114": {},
  "115": {
    "투자": { "term": "투자", "sentenceIndexes": [115, 118] },
    "시대": { "term": "시대", "sentenceIndexes": [115, 118, 121] }
  },
  "116": {},
  "117": {},
  "118": {
    "투자": { "term": "투자", "sentenceIndexes": [115, 118] },
    "시대": { "term": "시대", "sentenceIndexes": [115, 118, 121] }
  },
  "119": {},
  "120": {
    "정부": { "term": "정부", "sentenceIndexes": [113, 120] },
    "역할": { "term": "역할", "sentenceIndexes": [113, 120] }
  },
  "121": {
    "시대": { "term": "시대", "sentenceIndexes": [115, 118, 121] },
    "경제": { "term": "경제", "sentenceIndexes": [111, 112, 121] },
    "교과서": { "term": "교과서", "sentenceIndexes": [111, 121] },
    "기본소득": {
      "term": "기본소득",
      "sentenceIndexes": [121, 125, 134, 135, 137]
    },
    "형태": { "term": "형태", "sentenceIndexes": [121, 128] }
  },
  "122": {},
  "123": {},
  "124": {},
  "125": {
    "기본소득": {
      "term": "기본소득",
      "sentenceIndexes": [121, 125, 134, 135, 137]
    }
  },
  "126": {},
  "127": { "현장": { "term": "현장", "sentenceIndexes": [127, 129] } },
  "128": { "형태": { "term": "형태", "sentenceIndexes": [121, 128] } },
  "129": { "현장": { "term": "현장", "sentenceIndexes": [127, 129] } },
  "130": {},
  "131": {},
  "132": {},
  "133": {},
  "134": {
    "기본소득": {
      "term": "기본소득",
      "sentenceIndexes": [121, 125, 134, 135, 137]
    }
  },
  "135": {
    "기본소득": {
      "term": "기본소득",
      "sentenceIndexes": [121, 125, 134, 135, 137]
    }
  },
  "136": {},
  "137": {
    "기본소득": {
      "term": "기본소득",
      "sentenceIndexes": [121, 125, 134, 135, 137]
    }
  },
  "138": {},
  "139": {},
  "140": {},
  "141": { "경제": { "term": "경제", "sentenceIndexes": [141, 144] } },
  "142": { "균형": { "term": "균형", "sentenceIndexes": [142, 143, 145] } },
  "143": {
    "균형": { "term": "균형", "sentenceIndexes": [142, 143, 145] },
    "시카고": { "term": "시카고", "sentenceIndexes": [143, 149] },
    "사고": { "term": "사고", "sentenceIndexes": [143, 152] }
  },
  "144": { "경제": { "term": "경제", "sentenceIndexes": [141, 144] } },
  "145": { "균형": { "term": "균형", "sentenceIndexes": [142, 143, 145] } },
  "146": {},
  "147": {},
  "148": {},
  "149": { "시카고": { "term": "시카고", "sentenceIndexes": [143, 149] } },
  "150": {},
  "151": {},
  "152": { "사고": { "term": "사고", "sentenceIndexes": [143, 152] } },
  "153": {},
  "154": {},
  "155": { "설명": { "term": "설명", "sentenceIndexes": [155, 163] } },
  "156": {},
  "157": { "우파": { "term": "우파", "sentenceIndexes": [157, 158, 161] } },
  "158": { "우파": { "term": "우파", "sentenceIndexes": [157, 158, 161] } },
  "159": {},
  "160": {},
  "161": {
    "우파": { "term": "우파", "sentenceIndexes": [157, 158, 161] },
    "기본소득": {
      "term": "기본소득",
      "sentenceIndexes": [161, 164, 169, 173, 178, 187, 190, 191, 192, 196]
    }
  },
  "162": {},
  "163": { "설명": { "term": "설명", "sentenceIndexes": [155, 163] } },
  "164": {
    "기본소득": {
      "term": "기본소득",
      "sentenceIndexes": [161, 164, 169, 173, 178, 187, 190, 191, 192, 196]
    },
    "연구": { "term": "연구", "sentenceIndexes": [164, 165] }
  },
  "165": { "연구": { "term": "연구", "sentenceIndexes": [164, 165] } },
  "166": { "정의": { "term": "정의", "sentenceIndexes": [166, 168, 174] } },
  "167": {},
  "168": { "정의": { "term": "정의", "sentenceIndexes": [166, 168, 174] } },
  "169": {
    "기본소득": {
      "term": "기본소득",
      "sentenceIndexes": [161, 164, 169, 173, 178, 187, 190, 191, 192, 196]
    }
  },
  "170": {
    "조건": { "term": "조건", "sentenceIndexes": [170, 171] },
    "기본": { "term": "기본", "sentenceIndexes": [170, 179, 180] }
  },
  "171": {
    "조건": { "term": "조건", "sentenceIndexes": [170, 171] },
    "소득": { "term": "소득", "sentenceIndexes": [171, 172] },
    "사람": { "term": "사람", "sentenceIndexes": [171, 172, 175, 179] }
  },
  "172": {
    "소득": { "term": "소득", "sentenceIndexes": [171, 172] },
    "사람": { "term": "사람", "sentenceIndexes": [171, 172, 175, 179] }
  },
  "173": {
    "기본소득": {
      "term": "기본소득",
      "sentenceIndexes": [161, 164, 169, 173, 178, 187, 190, 191, 192, 196]
    }
  },
  "174": {
    "정의": { "term": "정의", "sentenceIndexes": [166, 168, 174] },
    "이해": { "term": "이해", "sentenceIndexes": [174, 175] }
  },
  "175": {
    "사람": { "term": "사람", "sentenceIndexes": [171, 172, 175, 179] },
    "이해": { "term": "이해", "sentenceIndexes": [174, 175] },
    "공급사이드": { "term": "공급사이드", "sentenceIndexes": [175, 176, 178] },
    "투자": { "term": "투자", "sentenceIndexes": [175, 179, 180, 183, 185] }
  },
  "176": {
    "공급사이드": { "term": "공급사이드", "sentenceIndexes": [175, 176, 178] }
  },
  "177": { "주장": { "term": "주장", "sentenceIndexes": [177, 178] } },
  "178": {
    "기본소득": {
      "term": "기본소득",
      "sentenceIndexes": [161, 164, 169, 173, 178, 187, 190, 191, 192, 196]
    },
    "주장": { "term": "주장", "sentenceIndexes": [177, 178] },
    "공급사이드": { "term": "공급사이드", "sentenceIndexes": [175, 176, 178] },
    "필요": { "term": "필요", "sentenceIndexes": [178, 187, 188, 190, 198] }
  },
  "179": {
    "투자": { "term": "투자", "sentenceIndexes": [175, 179, 180, 183, 185] },
    "사람": { "term": "사람", "sentenceIndexes": [171, 172, 175, 179] },
    "기본": { "term": "기본", "sentenceIndexes": [170, 179, 180] }
  },
  "180": {
    "기본": { "term": "기본", "sentenceIndexes": [170, 179, 180] },
    "투자": { "term": "투자", "sentenceIndexes": [175, 179, 180, 183, 185] }
  },
  "181": {},
  "182": {},
  "183": {
    "투자": { "term": "투자", "sentenceIndexes": [175, 179, 180, 183, 185] },
    "규제": { "term": "규제", "sentenceIndexes": [183, 185] }
  },
  "184": {},
  "185": {
    "규제": { "term": "규제", "sentenceIndexes": [183, 185] },
    "투자": { "term": "투자", "sentenceIndexes": [175, 179, 180, 183, 185] }
  },
  "186": {},
  "187": {
    "기본소득": {
      "term": "기본소득",
      "sentenceIndexes": [161, 164, 169, 173, 178, 187, 190, 191, 192, 196]
    },
    "필요": { "term": "필요", "sentenceIndexes": [178, 187, 188, 190, 198] }
  },
  "188": {
    "필요": { "term": "필요", "sentenceIndexes": [178, 187, 188, 190, 198] },
    "관점": { "term": "관점", "sentenceIndexes": [188, 190] }
  },
  "189": {
    "소득": { "term": "소득", "sentenceIndexes": [189, 190] },
    "취약계층": { "term": "취약계층", "sentenceIndexes": [189, 190] },
    "지원": { "term": "지원", "sentenceIndexes": [189, 190] }
  },
  "190": {
    "소득": { "term": "소득", "sentenceIndexes": [189, 190] },
    "취약계층": { "term": "취약계층", "sentenceIndexes": [189, 190] },
    "지원": { "term": "지원", "sentenceIndexes": [189, 190] },
    "기본소득": {
      "term": "기본소득",
      "sentenceIndexes": [161, 164, 169, 173, 178, 187, 190, 191, 192, 196]
    },
    "필요": { "term": "필요", "sentenceIndexes": [178, 187, 188, 190, 198] },
    "관점": { "term": "관점", "sentenceIndexes": [188, 190] }
  },
  "191": {
    "기본소득": {
      "term": "기본소득",
      "sentenceIndexes": [161, 164, 169, 173, 178, 187, 190, 191, 192, 196]
    },
    "정치": { "term": "정치", "sentenceIndexes": [191, 192, 193] }
  },
  "192": {
    "정치": { "term": "정치", "sentenceIndexes": [191, 192, 193] },
    "기본소득": {
      "term": "기본소득",
      "sentenceIndexes": [161, 164, 169, 173, 178, 187, 190, 191, 192, 196]
    }
  },
  "193": { "정치": { "term": "정치", "sentenceIndexes": [191, 192, 193] } },
  "194": {
    "설명": {
      "term": "설명",
      "sentenceIndexes": [194, 195, 198, 199, 203, 212, 215]
    },
    "일정": { "term": "일정", "sentenceIndexes": [194, 202] }
  },
  "195": {
    "설명": {
      "term": "설명",
      "sentenceIndexes": [194, 195, 198, 199, 203, 212, 215]
    }
  },
  "196": {
    "기본소득": {
      "term": "기본소득",
      "sentenceIndexes": [161, 164, 169, 173, 178, 187, 190, 191, 192, 196]
    }
  },
  "197": {},
  "198": {
    "필요": { "term": "필요", "sentenceIndexes": [178, 187, 188, 190, 198] },
    "설명": {
      "term": "설명",
      "sentenceIndexes": [194, 195, 198, 199, 203, 212, 215]
    },
    "준비": { "term": "준비", "sentenceIndexes": [198, 208] }
  },
  "199": {
    "설명": {
      "term": "설명",
      "sentenceIndexes": [194, 195, 198, 199, 203, 212, 215]
    }
  },
  "200": {},
  "201": {},
  "202": {
    "일정": { "term": "일정", "sentenceIndexes": [194, 202] },
    "소득": { "term": "소득", "sentenceIndexes": [202, 205] },
    "지원": {
      "term": "지원",
      "sentenceIndexes": [202, 205, 207, 208, 209, 211, 216, 221]
    },
    "연소득": { "term": "연소득", "sentenceIndexes": [202, 207, 213] },
    "가구": {
      "term": "가구",
      "sentenceIndexes": [202, 207, 208, 209, 210, 211, 219, 220, 221, 226]
    }
  },
  "203": {
    "설명": {
      "term": "설명",
      "sentenceIndexes": [194, 195, 198, 199, 203, 212, 215]
    }
  },
  "204": { "이해": { "term": "이해", "sentenceIndexes": [204, 208, 218] } },
  "205": {
    "소득": { "term": "소득", "sentenceIndexes": [202, 205] },
    "지원": {
      "term": "지원",
      "sentenceIndexes": [202, 205, 207, 208, 209, 211, 216, 221]
    },
    "보조": { "term": "보조", "sentenceIndexes": [205, 214] }
  },
  "206": { "차등지원": { "term": "차등지원", "sentenceIndexes": [206, 211] } },
  "207": {
    "연소득": { "term": "연소득", "sentenceIndexes": [202, 207, 213] },
    "가구": {
      "term": "가구",
      "sentenceIndexes": [202, 207, 208, 209, 210, 211, 219, 220, 221, 226]
    },
    "지원": {
      "term": "지원",
      "sentenceIndexes": [202, 205, 207, 208, 209, 211, 216, 221]
    },
    "기준": { "term": "기준", "sentenceIndexes": [207, 208] }
  },
  "208": {
    "이해": { "term": "이해", "sentenceIndexes": [204, 208, 218] },
    "기준": { "term": "기준", "sentenceIndexes": [207, 208] },
    "가구": {
      "term": "가구",
      "sentenceIndexes": [202, 207, 208, 209, 210, 211, 219, 220, 221, 226]
    },
    "지원": {
      "term": "지원",
      "sentenceIndexes": [202, 205, 207, 208, 209, 211, 216, 221]
    },
    "준비": { "term": "준비", "sentenceIndexes": [198, 208] }
  },
  "209": {
    "가구": {
      "term": "가구",
      "sentenceIndexes": [202, 207, 208, 209, 210, 211, 219, 220, 221, 226]
    },
    "지원": {
      "term": "지원",
      "sentenceIndexes": [202, 205, 207, 208, 209, 211, 216, 221]
    },
    "경우": { "term": "경우", "sentenceIndexes": [209, 210, 213] },
    "부족": { "term": "부족", "sentenceIndexes": [209, 210] }
  },
  "210": {
    "가구": {
      "term": "가구",
      "sentenceIndexes": [202, 207, 208, 209, 210, 211, 219, 220, 221, 226]
    },
    "경우": { "term": "경우", "sentenceIndexes": [209, 210, 213] },
    "부족": { "term": "부족", "sentenceIndexes": [209, 210] },
    "처분소득": { "term": "처분소득", "sentenceIndexes": [210, 213, 214] }
  },
  "211": {
    "차등지원": { "term": "차등지원", "sentenceIndexes": [206, 211] },
    "가구": {
      "term": "가구",
      "sentenceIndexes": [202, 207, 208, 209, 210, 211, 219, 220, 221, 226]
    },
    "지원": {
      "term": "지원",
      "sentenceIndexes": [202, 205, 207, 208, 209, 211, 216, 221]
    },
    "개념": { "term": "개념", "sentenceIndexes": [211, 212, 215, 225] },
    "기본소득": { "term": "기본소득", "sentenceIndexes": [211, 222] }
  },
  "212": {
    "설명": {
      "term": "설명",
      "sentenceIndexes": [194, 195, 198, 199, 203, 212, 215]
    },
    "개념": { "term": "개념", "sentenceIndexes": [211, 212, 215, 225] },
    "정확": { "term": "정확", "sentenceIndexes": [212, 218] }
  },
  "213": {
    "경우": { "term": "경우", "sentenceIndexes": [209, 210, 213] },
    "처분소득": { "term": "처분소득", "sentenceIndexes": [210, 213, 214] },
    "연소득": { "term": "연소득", "sentenceIndexes": [202, 207, 213] },
    "최저임금": { "term": "최저임금", "sentenceIndexes": [213, 215] }
  },
  "214": {
    "보조": { "term": "보조", "sentenceIndexes": [205, 214] },
    "처분소득": { "term": "처분소득", "sentenceIndexes": [210, 213, 214] },
    "안심소득제도": { "term": "안심소득제도", "sentenceIndexes": [214, 215] }
  },
  "215": {
    "최저임금": { "term": "최저임금", "sentenceIndexes": [213, 215] },
    "안심소득제도": { "term": "안심소득제도", "sentenceIndexes": [214, 215] },
    "설명": {
      "term": "설명",
      "sentenceIndexes": [194, 195, 198, 199, 203, 212, 215]
    },
    "개념": { "term": "개념", "sentenceIndexes": [211, 212, 215, 225] }
  },
  "216": {
    "지원": {
      "term": "지원",
      "sentenceIndexes": [202, 205, 207, 208, 209, 211, 216, 221]
    }
  },
  "217": {},
  "218": {
    "이해": { "term": "이해", "sentenceIndexes": [204, 208, 218] },
    "정확": { "term": "정확", "sentenceIndexes": [212, 218] }
  },
  "219": {
    "가구": {
      "term": "가구",
      "sentenceIndexes": [202, 207, 208, 209, 210, 211, 219, 220, 221, 226]
    }
  },
  "220": {
    "가구": {
      "term": "가구",
      "sentenceIndexes": [202, 207, 208, 209, 210, 211, 219, 220, 221, 226]
    }
  },
  "221": {
    "가구": {
      "term": "가구",
      "sentenceIndexes": [202, 207, 208, 209, 210, 211, 219, 220, 221, 226]
    },
    "지원": {
      "term": "지원",
      "sentenceIndexes": [202, 205, 207, 208, 209, 211, 216, 221]
    }
  },
  "222": { "기본소득": { "term": "기본소득", "sentenceIndexes": [211, 222] } },
  "223": {},
  "224": {},
  "225": {
    "개념": { "term": "개념", "sentenceIndexes": [211, 212, 215, 225] }
  },
  "226": {
    "가구": {
      "term": "가구",
      "sentenceIndexes": [202, 207, 208, 209, 210, 211, 219, 220, 221, 226]
    },
    "기준": { "term": "기준", "sentenceIndexes": [226, 227] }
  },
  "227": { "기준": { "term": "기준", "sentenceIndexes": [226, 227] } },
  "228": { "인당": { "term": "인당", "sentenceIndexes": [228, 237] } },
  "229": {},
  "230": { "소득": { "term": "소득", "sentenceIndexes": [230, 231] } },
  "231": { "소득": { "term": "소득", "sentenceIndexes": [230, 231] } },
  "232": { "어린이": { "term": "어린이", "sentenceIndexes": [232, 237] } },
  "233": {},
  "234": {},
  "235": {},
  "236": {},
  "237": {
    "어린이": { "term": "어린이", "sentenceIndexes": [232, 237] },
    "인당": { "term": "인당", "sentenceIndexes": [228, 237] }
  },
  "238": {},
  "239": {},
  "240": {},
  "241": {},
  "242": {
    "문제": { "term": "문제", "sentenceIndexes": [242, 244] },
    "사람": {
      "term": "사람",
      "sentenceIndexes": [242, 245, 247, 253, 254, 258, 259, 265]
    }
  },
  "243": {},
  "244": { "문제": { "term": "문제", "sentenceIndexes": [242, 244] } },
  "245": {
    "사람": {
      "term": "사람",
      "sentenceIndexes": [242, 245, 247, 253, 254, 258, 259, 265]
    }
  },
  "246": {},
  "247": {
    "사람": {
      "term": "사람",
      "sentenceIndexes": [242, 245, 247, 253, 254, 258, 259, 265]
    },
    "세금": {
      "term": "세금",
      "sentenceIndexes": [247, 248, 253, 254, 258, 259, 261]
    },
    "혜택": {
      "term": "혜택",
      "sentenceIndexes": [247, 248, 253, 254, 255, 258, 259, 261, 265]
    },
    "재원": { "term": "재원", "sentenceIndexes": [247, 249, 250] },
    "증세": { "term": "증세", "sentenceIndexes": [247, 253] }
  },
  "248": {
    "세금": {
      "term": "세금",
      "sentenceIndexes": [247, 248, 253, 254, 258, 259, 261]
    },
    "혜택": {
      "term": "혜택",
      "sentenceIndexes": [247, 248, 253, 254, 255, 258, 259, 261, 265]
    }
  },
  "249": { "재원": { "term": "재원", "sentenceIndexes": [247, 249, 250] } },
  "250": { "재원": { "term": "재원", "sentenceIndexes": [247, 249, 250] } },
  "251": {},
  "252": {},
  "253": {
    "세금": {
      "term": "세금",
      "sentenceIndexes": [247, 248, 253, 254, 258, 259, 261]
    },
    "사람": {
      "term": "사람",
      "sentenceIndexes": [242, 245, 247, 253, 254, 258, 259, 265]
    },
    "혜택": {
      "term": "혜택",
      "sentenceIndexes": [247, 248, 253, 254, 255, 258, 259, 261, 265]
    },
    "증세": { "term": "증세", "sentenceIndexes": [247, 253] }
  },
  "254": {
    "세금": {
      "term": "세금",
      "sentenceIndexes": [247, 248, 253, 254, 258, 259, 261]
    },
    "사람": {
      "term": "사람",
      "sentenceIndexes": [242, 245, 247, 253, 254, 258, 259, 265]
    },
    "혜택": {
      "term": "혜택",
      "sentenceIndexes": [247, 248, 253, 254, 255, 258, 259, 261, 265]
    }
  },
  "255": {
    "혜택": {
      "term": "혜택",
      "sentenceIndexes": [247, 248, 253, 254, 255, 258, 259, 261, 265]
    }
  },
  "256": {},
  "257": {},
  "258": {
    "혜택": {
      "term": "혜택",
      "sentenceIndexes": [247, 248, 253, 254, 255, 258, 259, 261, 265]
    },
    "세금": {
      "term": "세금",
      "sentenceIndexes": [247, 248, 253, 254, 258, 259, 261]
    },
    "사람": {
      "term": "사람",
      "sentenceIndexes": [242, 245, 247, 253, 254, 258, 259, 265]
    },
    "지급": { "term": "지급", "sentenceIndexes": [258, 264] }
  },
  "259": {
    "혜택": {
      "term": "혜택",
      "sentenceIndexes": [247, 248, 253, 254, 255, 258, 259, 261, 265]
    },
    "세금": {
      "term": "세금",
      "sentenceIndexes": [247, 248, 253, 254, 258, 259, 261]
    },
    "사람": {
      "term": "사람",
      "sentenceIndexes": [242, 245, 247, 253, 254, 258, 259, 265]
    },
    "경제": { "term": "경제", "sentenceIndexes": [259, 261] },
    "순환": { "term": "순환", "sentenceIndexes": [259, 261] }
  },
  "260": {},
  "261": {
    "세금": {
      "term": "세금",
      "sentenceIndexes": [247, 248, 253, 254, 258, 259, 261]
    },
    "혜택": {
      "term": "혜택",
      "sentenceIndexes": [247, 248, 253, 254, 255, 258, 259, 261, 265]
    },
    "경제": { "term": "경제", "sentenceIndexes": [259, 261] },
    "순환": { "term": "순환", "sentenceIndexes": [259, 261] },
    "조세저항": { "term": "조세저항", "sentenceIndexes": [261, 272] }
  },
  "262": {},
  "263": {},
  "264": { "지급": { "term": "지급", "sentenceIndexes": [258, 264] } },
  "265": {
    "사람": {
      "term": "사람",
      "sentenceIndexes": [242, 245, 247, 253, 254, 258, 259, 265]
    },
    "혜택": {
      "term": "혜택",
      "sentenceIndexes": [247, 248, 253, 254, 255, 258, 259, 261, 265]
    }
  },
  "266": {},
  "267": {},
  "268": {},
  "269": {},
  "270": {},
  "271": {},
  "272": { "조세저항": { "term": "조세저항", "sentenceIndexes": [261, 272] } },
  "273": {
    "소비": { "term": "소비", "sentenceIndexes": [273, 275, 276, 277] },
    "경제성장": { "term": "경제성장", "sentenceIndexes": [273, 275, 277] }
  },
  "274": {},
  "275": {
    "소비": { "term": "소비", "sentenceIndexes": [273, 275, 276, 277] },
    "경제성장": { "term": "경제성장", "sentenceIndexes": [273, 275, 277] }
  },
  "276": {
    "소비": { "term": "소비", "sentenceIndexes": [273, 275, 276, 277] }
  },
  "277": {
    "소비": { "term": "소비", "sentenceIndexes": [273, 275, 276, 277] },
    "경제성장": { "term": "경제성장", "sentenceIndexes": [273, 275, 277] }
  },
  "278": {},
  "279": {},
  "280": {
    "예산": { "term": "예산", "sentenceIndexes": [280, 289] },
    "절약": { "term": "절약", "sentenceIndexes": [280, 289] },
    "도민": { "term": "도민", "sentenceIndexes": [280, 289] }
  },
  "281": {},
  "282": {
    "정부": { "term": "정부", "sentenceIndexes": [282, 285] },
    "역할": { "term": "역할", "sentenceIndexes": [282, 285, 287] },
    "재난기본소득": { "term": "재난기본소득", "sentenceIndexes": [282, 286] },
    "공무": { "term": "공무", "sentenceIndexes": [282, 287] }
  },
  "283": {
    "증세": { "term": "증세", "sentenceIndexes": [283, 285, 290, 291] }
  },
  "284": { "차원": { "term": "차원", "sentenceIndexes": [284, 285, 289] } },
  "285": {
    "증세": { "term": "증세", "sentenceIndexes": [283, 285, 290, 291] },
    "차원": { "term": "차원", "sentenceIndexes": [284, 285, 289] },
    "정부": { "term": "정부", "sentenceIndexes": [282, 285] },
    "역할": { "term": "역할", "sentenceIndexes": [282, 285, 287] }
  },
  "286": {
    "재난기본소득": { "term": "재난기본소득", "sentenceIndexes": [282, 286] }
  },
  "287": {
    "공무": { "term": "공무", "sentenceIndexes": [282, 287] },
    "역할": { "term": "역할", "sentenceIndexes": [282, 285, 287] },
    "문제": { "term": "문제", "sentenceIndexes": [287, 290] }
  },
  "288": {},
  "289": {
    "차원": { "term": "차원", "sentenceIndexes": [284, 285, 289] },
    "예산": { "term": "예산", "sentenceIndexes": [280, 289] },
    "절약": { "term": "절약", "sentenceIndexes": [280, 289] },
    "도민": { "term": "도민", "sentenceIndexes": [280, 289] }
  },
  "290": {
    "문제": { "term": "문제", "sentenceIndexes": [287, 290] },
    "증세": { "term": "증세", "sentenceIndexes": [283, 285, 290, 291] }
  },
  "291": {
    "증세": { "term": "증세", "sentenceIndexes": [283, 285, 290, 291] }
  },
  "292": {},
  "293": {
    "지급": { "term": "지급", "sentenceIndexes": [293, 296, 300] },
    "소득": { "term": "소득", "sentenceIndexes": [293, 296, 302, 310] }
  },
  "294": {
    "재원": { "term": "재원", "sentenceIndexes": [294, 300] },
    "마련": { "term": "마련", "sentenceIndexes": [294, 300] }
  },
  "295": { "양쪽": { "term": "양쪽", "sentenceIndexes": [295, 299] } },
  "296": {
    "지급": { "term": "지급", "sentenceIndexes": [293, 296, 300] },
    "소득": { "term": "소득", "sentenceIndexes": [293, 296, 302, 310] }
  },
  "297": {},
  "298": {},
  "299": { "양쪽": { "term": "양쪽", "sentenceIndexes": [295, 299] } },
  "300": {
    "지급": { "term": "지급", "sentenceIndexes": [293, 296, 300] },
    "재원": { "term": "재원", "sentenceIndexes": [294, 300] },
    "마련": { "term": "마련", "sentenceIndexes": [294, 300] },
    "정의": { "term": "정의", "sentenceIndexes": [300, 302] },
    "방법": { "term": "방법", "sentenceIndexes": [300, 310] }
  },
  "301": {},
  "302": {
    "소득": { "term": "소득", "sentenceIndexes": [293, 296, 302, 310] },
    "정의": { "term": "정의", "sentenceIndexes": [300, 302] },
    "효과": { "term": "효과", "sentenceIndexes": [302, 308] },
    "교수": { "term": "교수", "sentenceIndexes": [302, 313] }
  },
  "303": {},
  "304": { "경제효과": { "term": "경제효과", "sentenceIndexes": [304, 310] } },
  "305": { "경제": { "term": "경제", "sentenceIndexes": [305, 309] } },
  "306": {},
  "307": {},
  "308": {
    "효과": { "term": "효과", "sentenceIndexes": [302, 308] },
    "저축": { "term": "저축", "sentenceIndexes": [308, 309] }
  },
  "309": {
    "경제": { "term": "경제", "sentenceIndexes": [305, 309] },
    "저축": { "term": "저축", "sentenceIndexes": [308, 309] }
  },
  "310": {
    "경제효과": { "term": "경제효과", "sentenceIndexes": [304, 310] },
    "방법": { "term": "방법", "sentenceIndexes": [300, 310] },
    "소득": { "term": "소득", "sentenceIndexes": [293, 296, 302, 310] },
    "전제": { "term": "전제", "sentenceIndexes": [310, 312, 313] },
    "집중": { "term": "집중", "sentenceIndexes": [310, 313] }
  },
  "311": {},
  "312": { "전제": { "term": "전제", "sentenceIndexes": [310, 312, 313] } },
  "313": {
    "교수": { "term": "교수", "sentenceIndexes": [302, 313] },
    "전제": { "term": "전제", "sentenceIndexes": [310, 312, 313] },
    "집중": { "term": "집중", "sentenceIndexes": [310, 313] },
    "증세": { "term": "증세", "sentenceIndexes": [313, 321] },
    "재원": { "term": "재원", "sentenceIndexes": [313, 322] }
  },
  "314": {
    "평균": { "term": "평균", "sentenceIndexes": [314, 315] },
    "나라": { "term": "나라", "sentenceIndexes": [314, 316] }
  },
  "315": {
    "평균": { "term": "평균", "sentenceIndexes": [314, 315] },
    "국민": { "term": "국민", "sentenceIndexes": [315, 322] }
  },
  "316": { "나라": { "term": "나라", "sentenceIndexes": [314, 316] } },
  "317": {},
  "318": {},
  "319": {},
  "320": {},
  "321": { "증세": { "term": "증세", "sentenceIndexes": [313, 321] } },
  "322": {
    "재원": { "term": "재원", "sentenceIndexes": [313, 322] },
    "국민": { "term": "국민", "sentenceIndexes": [315, 322] },
    "동의": { "term": "동의", "sentenceIndexes": [322, 324] }
  },
  "323": {},
  "324": {
    "동의": { "term": "동의", "sentenceIndexes": [322, 324] },
    "모두": { "term": "모두", "sentenceIndexes": [324, 329] }
  },
  "325": {},
  "326": {
    "관계": { "term": "관계", "sentenceIndexes": [326, 327, 328, 329] },
    "수요": { "term": "수요", "sentenceIndexes": [326, 329] }
  },
  "327": {
    "관계": { "term": "관계", "sentenceIndexes": [326, 327, 328, 329] },
    "바퀴": { "term": "바퀴", "sentenceIndexes": [327, 337] }
  },
  "328": {
    "관계": { "term": "관계", "sentenceIndexes": [326, 327, 328, 329] }
  },
  "329": {
    "관계": { "term": "관계", "sentenceIndexes": [326, 327, 328, 329] },
    "모두": { "term": "모두", "sentenceIndexes": [324, 329] },
    "수요": { "term": "수요", "sentenceIndexes": [326, 329] },
    "세계": { "term": "세계", "sentenceIndexes": [329, 332] }
  },
  "330": {},
  "331": {},
  "332": { "세계": { "term": "세계", "sentenceIndexes": [329, 332] } },
  "333": { "경제": { "term": "경제", "sentenceIndexes": [333, 340] } },
  "334": { "필요": { "term": "필요", "sentenceIndexes": [334, 335] } },
  "335": { "필요": { "term": "필요", "sentenceIndexes": [334, 335] } },
  "336": {},
  "337": {
    "바퀴": { "term": "바퀴", "sentenceIndexes": [327, 337] },
    "균형": { "term": "균형", "sentenceIndexes": [337, 344] }
  },
  "338": { "복지정책": { "term": "복지정책", "sentenceIndexes": [338, 344] } },
  "339": {
    "국민": { "term": "국민", "sentenceIndexes": [339, 347, 349, 352] }
  },
  "340": { "경제": { "term": "경제", "sentenceIndexes": [333, 340] } },
  "341": { "효과": { "term": "효과", "sentenceIndexes": [341, 342, 343] } },
  "342": { "효과": { "term": "효과", "sentenceIndexes": [341, 342, 343] } },
  "343": { "효과": { "term": "효과", "sentenceIndexes": [341, 342, 343] } },
  "344": {
    "복지정책": { "term": "복지정책", "sentenceIndexes": [338, 344] },
    "균형": { "term": "균형", "sentenceIndexes": [337, 344] }
  },
  "345": {},
  "346": { "증세": { "term": "증세", "sentenceIndexes": [346, 347] } },
  "347": {
    "증세": { "term": "증세", "sentenceIndexes": [346, 347] },
    "국민": { "term": "국민", "sentenceIndexes": [339, 347, 349, 352] },
    "세금": { "term": "세금", "sentenceIndexes": [347, 349, 355] }
  },
  "348": {},
  "349": {
    "세금": { "term": "세금", "sentenceIndexes": [347, 349, 355] },
    "국민": { "term": "국민", "sentenceIndexes": [339, 347, 349, 352] }
  },
  "350": {},
  "351": {},
  "352": {
    "국민": { "term": "국민", "sentenceIndexes": [339, 347, 349, 352] }
  },
  "353": {},
  "354": { "소득": { "term": "소득", "sentenceIndexes": [354, 355] } },
  "355": {
    "세금": { "term": "세금", "sentenceIndexes": [347, 349, 355] },
    "소득": { "term": "소득", "sentenceIndexes": [354, 355] },
    "납세": { "term": "납세", "sentenceIndexes": [355, 358] }
  },
  "356": {},
  "357": {},
  "358": { "납세": { "term": "납세", "sentenceIndexes": [355, 358] } },
  "359": {},
  "360": {},
  "361": {},
  "362": {
    "증세": { "term": "증세", "sentenceIndexes": [362, 364] },
    "대상": { "term": "대상", "sentenceIndexes": [362, 364] }
  },
  "363": {},
  "364": {
    "증세": { "term": "증세", "sentenceIndexes": [362, 364] },
    "대상": { "term": "대상", "sentenceIndexes": [362, 364] }
  },
  "365": {
    "기본소득제도": { "term": "기본소득제도", "sentenceIndexes": [365, 373] }
  },
  "366": {},
  "367": {},
  "368": { "기능": { "term": "기능", "sentenceIndexes": [368, 378] } },
  "369": {},
  "370": {},
  "371": { "마음": { "term": "마음", "sentenceIndexes": [371, 372] } },
  "372": {
    "마음": { "term": "마음", "sentenceIndexes": [371, 372] },
    "사람": { "term": "사람", "sentenceIndexes": [372, 378] }
  },
  "373": {
    "기본소득제도": { "term": "기본소득제도", "sentenceIndexes": [365, 373] },
    "우파": { "term": "우파", "sentenceIndexes": [373, 374] }
  },
  "374": { "우파": { "term": "우파", "sentenceIndexes": [373, 374] } },
  "375": {},
  "376": { "소득세": { "term": "소득세", "sentenceIndexes": [376, 377] } },
  "377": { "소득세": { "term": "소득세", "sentenceIndexes": [376, 377] } },
  "378": {
    "사람": { "term": "사람", "sentenceIndexes": [372, 378] },
    "기능": { "term": "기능", "sentenceIndexes": [368, 378] }
  },
  "379": {},
  "380": {
    "복지보건노동예산": {
      "term": "복지보건노동예산",
      "sentenceIndexes": [380, 382]
    }
  },
  "381": { "중앙정부": { "term": "중앙정부", "sentenceIndexes": [381, 382] } },
  "382": {
    "중앙정부": { "term": "중앙정부", "sentenceIndexes": [381, 382] },
    "복지보건노동예산": {
      "term": "복지보건노동예산",
      "sentenceIndexes": [380, 382]
    },
    "사업예산": { "term": "사업예산", "sentenceIndexes": [382, 391] }
  },
  "383": {},
  "384": {},
  "385": {},
  "386": {},
  "387": {},
  "388": {},
  "389": {},
  "390": {},
  "391": { "사업예산": { "term": "사업예산", "sentenceIndexes": [382, 391] } },
  "392": {},
  "393": {
    "제도": { "term": "제도", "sentenceIndexes": [393, 402, 406, 407] }
  },
  "394": {
    "증세": { "term": "증세", "sentenceIndexes": [394, 395, 398] },
    "필요": { "term": "필요", "sentenceIndexes": [394, 395, 396, 398] }
  },
  "395": {
    "증세": { "term": "증세", "sentenceIndexes": [394, 395, 398] },
    "필요": { "term": "필요", "sentenceIndexes": [394, 395, 396, 398] }
  },
  "396": {
    "필요": { "term": "필요", "sentenceIndexes": [394, 395, 396, 398] },
    "예산": { "term": "예산", "sentenceIndexes": [396, 398] },
    "계산": { "term": "계산", "sentenceIndexes": [396, 398, 402] }
  },
  "397": {},
  "398": {
    "예산": { "term": "예산", "sentenceIndexes": [396, 398] },
    "계산": { "term": "계산", "sentenceIndexes": [396, 398, 402] },
    "증세": { "term": "증세", "sentenceIndexes": [394, 395, 398] },
    "필요": { "term": "필요", "sentenceIndexes": [394, 395, 396, 398] }
  },
  "399": {
    "복지예산": { "term": "복지예산", "sentenceIndexes": [399, 400, 402] }
  },
  "400": {
    "복지예산": { "term": "복지예산", "sentenceIndexes": [399, 400, 402] }
  },
  "401": {},
  "402": {
    "계산": { "term": "계산", "sentenceIndexes": [396, 398, 402] },
    "제도": { "term": "제도", "sentenceIndexes": [393, 402, 406, 407] },
    "복지예산": { "term": "복지예산", "sentenceIndexes": [399, 400, 402] },
    "시행": { "term": "시행", "sentenceIndexes": [402, 411] }
  },
  "403": {},
  "404": { "아이디어": { "term": "아이디어", "sentenceIndexes": [404, 405] } },
  "405": { "아이디어": { "term": "아이디어", "sentenceIndexes": [404, 405] } },
  "406": {
    "제도": { "term": "제도", "sentenceIndexes": [393, 402, 406, 407] }
  },
  "407": {
    "제도": { "term": "제도", "sentenceIndexes": [393, 402, 406, 407] }
  },
  "408": { "논쟁": { "term": "논쟁", "sentenceIndexes": [408, 410, 413] } },
  "409": { "사람": { "term": "사람", "sentenceIndexes": [409, 412] } },
  "410": { "논쟁": { "term": "논쟁", "sentenceIndexes": [408, 410, 413] } },
  "411": { "시행": { "term": "시행", "sentenceIndexes": [402, 411] } },
  "412": { "사람": { "term": "사람", "sentenceIndexes": [409, 412] } },
  "413": {
    "논쟁": { "term": "논쟁", "sentenceIndexes": [408, 410, 413] },
    "현실": { "term": "현실", "sentenceIndexes": [413, 424, 425] }
  },
  "414": {},
  "415": {
    "급여": { "term": "급여", "sentenceIndexes": [415, 416] },
    "즉각": { "term": "즉각", "sentenceIndexes": [415, 416] },
    "소득": { "term": "소득", "sentenceIndexes": [415, 416, 419, 420] },
    "파악": { "term": "파악", "sentenceIndexes": [415, 416, 417, 419, 423] },
    "자영": { "term": "자영", "sentenceIndexes": [415, 419] },
    "프리랜서": { "term": "프리랜서", "sentenceIndexes": [415, 420] }
  },
  "416": {
    "급여": { "term": "급여", "sentenceIndexes": [415, 416] },
    "즉각": { "term": "즉각", "sentenceIndexes": [415, 416] },
    "소득": { "term": "소득", "sentenceIndexes": [415, 416, 419, 420] },
    "파악": { "term": "파악", "sentenceIndexes": [415, 416, 417, 419, 423] }
  },
  "417": {
    "파악": { "term": "파악", "sentenceIndexes": [415, 416, 417, 419, 423] }
  },
  "418": {},
  "419": {
    "자영": { "term": "자영", "sentenceIndexes": [415, 419] },
    "소득": { "term": "소득", "sentenceIndexes": [415, 416, 419, 420] },
    "파악": { "term": "파악", "sentenceIndexes": [415, 416, 417, 419, 423] }
  },
  "420": {
    "프리랜서": { "term": "프리랜서", "sentenceIndexes": [415, 420] },
    "소득": { "term": "소득", "sentenceIndexes": [415, 416, 419, 420] },
    "플랫폼": { "term": "플랫폼", "sentenceIndexes": [420, 421] }
  },
  "421": { "플랫폼": { "term": "플랫폼", "sentenceIndexes": [420, 421] } },
  "422": {},
  "423": {
    "파악": { "term": "파악", "sentenceIndexes": [415, 416, 417, 419, 423] }
  },
  "424": { "현실": { "term": "현실", "sentenceIndexes": [413, 424, 425] } },
  "425": { "현실": { "term": "현실", "sentenceIndexes": [413, 424, 425] } },
  "426": { "지급": { "term": "지급", "sentenceIndexes": [426, 427] } },
  "427": {
    "지급": { "term": "지급", "sentenceIndexes": [426, 427] },
    "조세": { "term": "조세", "sentenceIndexes": [427, 428] }
  },
  "428": {
    "조세": { "term": "조세", "sentenceIndexes": [427, 428] },
    "계산": { "term": "계산", "sentenceIndexes": [428, 429] }
  },
  "429": {
    "계산": { "term": "계산", "sentenceIndexes": [428, 429] },
    "정산": { "term": "정산", "sentenceIndexes": [429, 431] },
    "사람": { "term": "사람", "sentenceIndexes": [429, 437] }
  },
  "430": {},
  "431": { "정산": { "term": "정산", "sentenceIndexes": [429, 431] } },
  "432": {
    "다니엘": { "term": "다니엘", "sentenceIndexes": [432, 437] },
    "블레이크": { "term": "블레이크", "sentenceIndexes": [432, 437] },
    "수당": { "term": "수당", "sentenceIndexes": [432, 437] },
    "정부": { "term": "정부", "sentenceIndexes": [432, 437] }
  },
  "433": {},
  "434": { "여건": { "term": "여건", "sentenceIndexes": [434, 436] } },
  "435": {},
  "436": { "여건": { "term": "여건", "sentenceIndexes": [434, 436] } },
  "437": {
    "다니엘": { "term": "다니엘", "sentenceIndexes": [432, 437] },
    "블레이크": { "term": "블레이크", "sentenceIndexes": [432, 437] },
    "수당": { "term": "수당", "sentenceIndexes": [432, 437] },
    "정부": { "term": "정부", "sentenceIndexes": [432, 437] },
    "사람": { "term": "사람", "sentenceIndexes": [429, 437] }
  },
  "438": {},
  "439": {},
  "440": {},
  "441": {
    "문제": { "term": "문제", "sentenceIndexes": [441, 450] },
    "안심소득": { "term": "안심소득", "sentenceIndexes": [441, 451] }
  },
  "442": { "사후정산": { "term": "사후정산", "sentenceIndexes": [442, 443] } },
  "443": { "사후정산": { "term": "사후정산", "sentenceIndexes": [442, 443] } },
  "444": {},
  "445": { "행정": { "term": "행정", "sentenceIndexes": [445, 446] } },
  "446": {
    "행정": { "term": "행정", "sentenceIndexes": [445, 446] },
    "시간": { "term": "시간", "sentenceIndexes": [446, 448] },
    "가능": { "term": "가능", "sentenceIndexes": [446, 448] }
  },
  "447": {},
  "448": {
    "시간": { "term": "시간", "sentenceIndexes": [446, 448] },
    "가능": { "term": "가능", "sentenceIndexes": [446, 448] }
  },
  "449": {},
  "450": { "문제": { "term": "문제", "sentenceIndexes": [441, 450] } },
  "451": {
    "안심소득": { "term": "안심소득", "sentenceIndexes": [441, 451] },
    "기존": {
      "term": "기존",
      "sentenceIndexes": [451, 455, 461, 465, 469, 471]
    },
    "복지": { "term": "복지", "sentenceIndexes": [451, 455, 461, 471] },
    "폐지": { "term": "폐지", "sentenceIndexes": [451, 461, 465] }
  },
  "452": {},
  "453": {
    "실패": {
      "term": "실패",
      "sentenceIndexes": [453, 456, 457, 459, 460, 461]
    }
  },
  "454": {},
  "455": {
    "기존": {
      "term": "기존",
      "sentenceIndexes": [451, 455, 461, 465, 469, 471]
    },
    "복지": { "term": "복지", "sentenceIndexes": [451, 455, 461, 471] },
    "부결": { "term": "부결", "sentenceIndexes": [455, 457] }
  },
  "456": {
    "실패": {
      "term": "실패",
      "sentenceIndexes": [453, 456, 457, 459, 460, 461]
    }
  },
  "457": {
    "부결": { "term": "부결", "sentenceIndexes": [455, 457] },
    "실패": {
      "term": "실패",
      "sentenceIndexes": [453, 456, 457, 459, 460, 461]
    }
  },
  "458": { "시도": { "term": "시도", "sentenceIndexes": [458, 459, 460] } },
  "459": {
    "시도": { "term": "시도", "sentenceIndexes": [458, 459, 460] },
    "실패": {
      "term": "실패",
      "sentenceIndexes": [453, 456, 457, 459, 460, 461]
    }
  },
  "460": {
    "시도": { "term": "시도", "sentenceIndexes": [458, 459, 460] },
    "실패": {
      "term": "실패",
      "sentenceIndexes": [453, 456, 457, 459, 460, 461]
    }
  },
  "461": {
    "실패": {
      "term": "실패",
      "sentenceIndexes": [453, 456, 457, 459, 460, 461]
    },
    "기존": {
      "term": "기존",
      "sentenceIndexes": [451, 455, 461, 465, 469, 471]
    },
    "복지": { "term": "복지", "sentenceIndexes": [451, 455, 461, 471] },
    "폐지": { "term": "폐지", "sentenceIndexes": [451, 461, 465] },
    "제도": { "term": "제도", "sentenceIndexes": [461, 465, 473] }
  },
  "462": {},
  "463": {},
  "464": {
    "소득": { "term": "소득", "sentenceIndexes": [464, 469] },
    "안심소득": {
      "term": "안심소득",
      "sentenceIndexes": [464, 473, 483, 489, 499, 510]
    }
  },
  "465": {
    "기존": {
      "term": "기존",
      "sentenceIndexes": [451, 455, 461, 465, 469, 471]
    },
    "폐지": { "term": "폐지", "sentenceIndexes": [451, 461, 465] },
    "제도": { "term": "제도", "sentenceIndexes": [461, 465, 473] }
  },
  "466": {},
  "467": { "재원": { "term": "재원", "sentenceIndexes": [467, 468, 470] } },
  "468": { "재원": { "term": "재원", "sentenceIndexes": [467, 468, 470] } },
  "469": {
    "기존": {
      "term": "기존",
      "sentenceIndexes": [451, 455, 461, 465, 469, 471]
    },
    "소득": { "term": "소득", "sentenceIndexes": [464, 469] },
    "사람": { "term": "사람", "sentenceIndexes": [469, 473, 475, 476, 477] }
  },
  "470": { "재원": { "term": "재원", "sentenceIndexes": [467, 468, 470] } },
  "471": {
    "기존": {
      "term": "기존",
      "sentenceIndexes": [451, 455, 461, 465, 469, 471]
    },
    "복지": { "term": "복지", "sentenceIndexes": [451, 455, 461, 471] }
  },
  "472": {},
  "473": {
    "제도": { "term": "제도", "sentenceIndexes": [461, 465, 473] },
    "안심소득": {
      "term": "안심소득",
      "sentenceIndexes": [464, 473, 483, 489, 499, 510]
    },
    "사람": { "term": "사람", "sentenceIndexes": [469, 473, 475, 476, 477] },
    "지원": { "term": "지원", "sentenceIndexes": [473, 484, 491, 492] }
  },
  "474": {},
  "475": {
    "사람": { "term": "사람", "sentenceIndexes": [469, 473, 475, 476, 477] }
  },
  "476": {
    "사람": { "term": "사람", "sentenceIndexes": [469, 473, 475, 476, 477] }
  },
  "477": {
    "사람": { "term": "사람", "sentenceIndexes": [469, 473, 475, 476, 477] }
  },
  "478": {},
  "479": {},
  "480": { "순간": { "term": "순간", "sentenceIndexes": [480, 481] } },
  "481": { "순간": { "term": "순간", "sentenceIndexes": [480, 481] } },
  "482": {},
  "483": {
    "안심소득": {
      "term": "안심소득",
      "sentenceIndexes": [464, 473, 483, 489, 499, 510]
    },
    "폐지": { "term": "폐지", "sentenceIndexes": [483, 485] },
    "대체": { "term": "대체", "sentenceIndexes": [483, 486, 489, 490] },
    "확대": { "term": "확대", "sentenceIndexes": [483, 486, 490] }
  },
  "484": {
    "지원": { "term": "지원", "sentenceIndexes": [473, 484, 491, 492] }
  },
  "485": { "폐지": { "term": "폐지", "sentenceIndexes": [483, 485] } },
  "486": {
    "대체": { "term": "대체", "sentenceIndexes": [483, 486, 489, 490] },
    "확대": { "term": "확대", "sentenceIndexes": [483, 486, 490] }
  },
  "487": {},
  "488": {},
  "489": {
    "안심소득": {
      "term": "안심소득",
      "sentenceIndexes": [464, 473, 483, 489, 499, 510]
    },
    "대체": { "term": "대체", "sentenceIndexes": [483, 486, 489, 490] }
  },
  "490": {
    "대체": { "term": "대체", "sentenceIndexes": [483, 486, 489, 490] },
    "확대": { "term": "확대", "sentenceIndexes": [483, 486, 490] }
  },
  "491": {
    "지원": { "term": "지원", "sentenceIndexes": [473, 484, 491, 492] }
  },
  "492": {
    "지원": { "term": "지원", "sentenceIndexes": [473, 484, 491, 492] }
  },
  "493": {},
  "494": {},
  "495": {},
  "496": {},
  "497": {},
  "498": {},
  "499": {
    "안심소득": {
      "term": "안심소득",
      "sentenceIndexes": [464, 473, 483, 489, 499, 510]
    }
  },
  "500": {},
  "501": { "대표": { "term": "대표", "sentenceIndexes": [501, 512] } },
  "502": {},
  "503": {},
  "504": {},
  "505": {},
  "506": {},
  "507": {},
  "508": {},
  "509": {},
  "510": {
    "안심소득": {
      "term": "안심소득",
      "sentenceIndexes": [464, 473, 483, 489, 499, 510]
    },
    "기본소득": { "term": "기본소득", "sentenceIndexes": [510, 511, 514, 516] },
    "제도": { "term": "제도", "sentenceIndexes": [510, 512, 514, 521] },
    "결과": { "term": "결과", "sentenceIndexes": [510, 520] }
  },
  "511": {
    "기본소득": { "term": "기본소득", "sentenceIndexes": [510, 511, 514, 516] },
    "지급": { "term": "지급", "sentenceIndexes": [511, 513, 514] }
  },
  "512": {
    "제도": { "term": "제도", "sentenceIndexes": [510, 512, 514, 521] },
    "대표": { "term": "대표", "sentenceIndexes": [501, 512] },
    "아동수당": { "term": "아동수당", "sentenceIndexes": [512, 515] }
  },
  "513": { "지급": { "term": "지급", "sentenceIndexes": [511, 513, 514] } },
  "514": {
    "제도": { "term": "제도", "sentenceIndexes": [510, 512, 514, 521] },
    "기본소득": { "term": "기본소득", "sentenceIndexes": [510, 511, 514, 516] },
    "지급": { "term": "지급", "sentenceIndexes": [511, 513, 514] }
  },
  "515": { "아동수당": { "term": "아동수당", "sentenceIndexes": [512, 515] } },
  "516": {
    "기본소득": { "term": "기본소득", "sentenceIndexes": [510, 511, 514, 516] }
  },
  "517": {
    "정리": { "term": "정리", "sentenceIndexes": [517, 519] },
    "각종": { "term": "각종", "sentenceIndexes": [517, 521] }
  },
  "518": {},
  "519": { "정리": { "term": "정리", "sentenceIndexes": [517, 519] } },
  "520": { "결과": { "term": "결과", "sentenceIndexes": [510, 520] } },
  "521": {
    "각종": { "term": "각종", "sentenceIndexes": [517, 521] },
    "제도": { "term": "제도", "sentenceIndexes": [510, 512, 514, 521] },
    "감면": {
      "term": "감면",
      "sentenceIndexes": [521, 523, 524, 525, 529, 533, 539]
    }
  },
  "522": {},
  "523": {
    "감면": {
      "term": "감면",
      "sentenceIndexes": [521, 523, 524, 525, 529, 533, 539]
    },
    "소득세": { "term": "소득세", "sentenceIndexes": [523, 524, 526, 533] },
    "비과세": { "term": "비과세", "sentenceIndexes": [523, 524, 533, 539] }
  },
  "524": {
    "소득세": { "term": "소득세", "sentenceIndexes": [523, 524, 526, 533] },
    "비과세": { "term": "비과세", "sentenceIndexes": [523, 524, 533, 539] },
    "감면": {
      "term": "감면",
      "sentenceIndexes": [521, 523, 524, 525, 529, 533, 539]
    }
  },
  "525": {
    "감면": {
      "term": "감면",
      "sentenceIndexes": [521, 523, 524, 525, 529, 533, 539]
    }
  },
  "526": {
    "소득세": { "term": "소득세", "sentenceIndexes": [523, 524, 526, 533] }
  },
  "527": {},
  "528": {},
  "529": {
    "감면": {
      "term": "감면",
      "sentenceIndexes": [521, 523, 524, 525, 529, 533, 539]
    }
  },
  "530": {},
  "531": { "계산": { "term": "계산", "sentenceIndexes": [531, 539] } },
  "532": {},
  "533": {
    "소득세": { "term": "소득세", "sentenceIndexes": [523, 524, 526, 533] },
    "비과세": { "term": "비과세", "sentenceIndexes": [523, 524, 533, 539] },
    "감면": {
      "term": "감면",
      "sentenceIndexes": [521, 523, 524, 525, 529, 533, 539]
    },
    "기본소득": { "term": "기본소득", "sentenceIndexes": [533, 534] }
  },
  "534": {
    "기본소득": { "term": "기본소득", "sentenceIndexes": [533, 534] },
    "국민": { "term": "국민", "sentenceIndexes": [534, 537, 541] },
    "시행": { "term": "시행", "sentenceIndexes": [534, 541] }
  },
  "535": {
    "손해": { "term": "손해", "sentenceIndexes": [535, 536, 541, 543, 544] }
  },
  "536": {
    "손해": { "term": "손해", "sentenceIndexes": [535, 536, 541, 543, 544] }
  },
  "537": {
    "국민": { "term": "국민", "sentenceIndexes": [534, 537, 541] },
    "소득": { "term": "소득", "sentenceIndexes": [537, 539, 543, 544, 546] },
    "사람": { "term": "사람", "sentenceIndexes": [537, 543] }
  },
  "538": {},
  "539": {
    "계산": { "term": "계산", "sentenceIndexes": [531, 539] },
    "소득": { "term": "소득", "sentenceIndexes": [537, 539, 543, 544, 546] },
    "비과세": { "term": "비과세", "sentenceIndexes": [523, 524, 533, 539] },
    "감면": {
      "term": "감면",
      "sentenceIndexes": [521, 523, 524, 525, 529, 533, 539]
    },
    "데이터": { "term": "데이터", "sentenceIndexes": [539, 540] }
  },
  "540": { "데이터": { "term": "데이터", "sentenceIndexes": [539, 540] } },
  "541": {
    "시행": { "term": "시행", "sentenceIndexes": [534, 541] },
    "국민": { "term": "국민", "sentenceIndexes": [534, 537, 541] },
    "손해": { "term": "손해", "sentenceIndexes": [535, 536, 541, 543, 544] },
    "상위": { "term": "상위", "sentenceIndexes": [541, 542] }
  },
  "542": { "상위": { "term": "상위", "sentenceIndexes": [541, 542] } },
  "543": {
    "소득": { "term": "소득", "sentenceIndexes": [537, 539, 543, 544, 546] },
    "사람": { "term": "사람", "sentenceIndexes": [537, 543] },
    "손해": { "term": "손해", "sentenceIndexes": [535, 536, 541, 543, 544] }
  },
  "544": {
    "소득": { "term": "소득", "sentenceIndexes": [537, 539, 543, 544, 546] },
    "손해": { "term": "손해", "sentenceIndexes": [535, 536, 541, 543, 544] }
  },
  "545": {},
  "546": {
    "소득": { "term": "소득", "sentenceIndexes": [537, 539, 543, 544, 546] }
  },
  "547": {},
  "548": {
    "의견": { "term": "의견", "sentenceIndexes": [548, 549, 550, 551] }
  },
  "549": {
    "의견": { "term": "의견", "sentenceIndexes": [548, 549, 550, 551] }
  },
  "550": {
    "의견": { "term": "의견", "sentenceIndexes": [548, 549, 550, 551] }
  },
  "551": { "의견": { "term": "의견", "sentenceIndexes": [548, 549, 550, 551] } }
}
