﻿[{"id": 0, "reserve_str": "", "text": "기본소득과안심소득이 다른 건가요?", "morp": [{"id": 0, "lemma": "기본", "type": "NNG", "position": 0, "weight": 0.0625655}, {"id": 1, "lemma": "소득", "type": "NNG", "position": 6, "weight": 0.0329805}, {"id": 2, "lemma": "과", "type": "JC", "position": 12, "weight": 0.0217466}, {"id": 3, "lemma": "안심", "type": "NNG", "position": 15, "weight": 0.0362433}, {"id": 4, "lemma": "소득", "type": "NNG", "position": 21, "weight": 0.0290573}, {"id": 5, "lemma": "이", "type": "JKS", "position": 27, "weight": 0.0518114}, {"id": 6, "lemma": "다른", "type": "MM", "position": 31, "weight": 0.0610989}, {"id": 7, "lemma": "것", "type": "NNB", "position": 38, "weight": 0.0843968}, {"id": 8, "lemma": "이", "type": "VCP", "position": 38, "weight": 0.0843968}, {"id": 9, "lemma": "ㄴ가", "type": "EF", "position": 38, "weight": 0.0715706}, {"id": 10, "lemma": "요", "type": "JX", "position": 44, "weight": 0.060752}, {"id": 11, "lemma": "?", "type": "SF", "position": 47, "weight": 1.0}], "WSD": [], "word": [{"id": 0, "text": "기본소득과안심소득이", "type": "", "begin": 0, "end": 5}, {"id": 1, "text": "다른", "type": "", "begin": 6, "end": 6}, {"id": 2, "text": "건가요?", "type": "", "begin": 7, "end": 11}], "NE": [], "NE_Link": [], "dependency": [], "SRL": []}, {"id": 1, "reserve_str": "", "text": " 기본소득은 안심소득보다 경제적 효과가 뛰어납니다.", "morp": [{"id": 0, "lemma": "기본", "type": "NNG", "position": 49, "weight": 0.0641778}, {"id": 1, "lemma": "소득", "type": "NNG", "position": 55, "weight": 0.0331589}, {"id": 2, "lemma": "은", "type": "JX", "position": 61, "weight": 0.0725754}, {"id": 3, "lemma": "안심", "type": "NNG", "position": 65, "weight": 0.0659402}, {"id": 4, "lemma": "소득", "type": "NNG", "position": 71, "weight": 0.0297954}, {"id": 5, "lemma": "보다", "type": "JKB", "position": 77, "weight": 0.0422572}, {"id": 6, "lemma": "경제적", "type": "MM", "position": 84, "weight": 0.160506}, {"id": 7, "lemma": "효과", "type": "NNG", "position": 94, "weight": 0.104572}, {"id": 8, "lemma": "가", "type": "JKS", "position": 100, "weight": 0.0679593}, {"id": 9, "lemma": "뛰어나", "type": "VA", "position": 104, "weight": 1.0}, {"id": 10, "lemma": "ㅂ니다", "type": "EF", "position": 110, "weight": 0.0590266}, {"id": 11, "lemma": ".", "type": "SF", "position": 119, "weight": 1.0}], "WSD": [], "word": [{"id": 0, "text": "기본소득은", "type": "", "begin": 0, "end": 2}, {"id": 1, "text": "안심소득보다", "type": "", "begin": 3, "end": 5}, {"id": 2, "text": "경제적", "type": "", "begin": 6, "end": 6}, {"id": 3, "text": "효과가", "type": "", "begin": 7, "end": 8}, {"id": 4, "text": "뛰어납니다.", "type": "", "begin": 9, "end": 11}], "NE": [], "NE_Link": [], "dependency": [], "SRL": []}, {"id": 2, "reserve_str": "", "text": " 다른 방안으로는 어렵습니다.", "morp": [{"id": 0, "lemma": "다른", "type": "MM", "position": 121, "weight": 0.0681894}, {"id": 1, "lemma": "방", "type": "NNG", "position": 128, "weight": 0.190513}, {"id": 2, "lemma": "안", "type": "NNG", "position": 131, "weight": 0.153275}, {"id": 3, "lemma": "으로", "type": "JKB", "position": 134, "weight": 0.0651086}, {"id": 4, "lemma": "는", "type": "JX", "position": 140, "weight": 0.150774}, {"id": 5, "lemma": "어렵", "type": "VA", "position": 144, "weight": 0.0412568}, {"id": 6, "lemma": "습니다", "type": "EF", "position": 150, "weight": 0.0511013}, {"id": 7, "lemma": ".", "type": "SF", "position": 159, "weight": 1.0}], "WSD": [], "word": [{"id": 0, "text": "다른", "type": "", "begin": 0, "end": 0}, {"id": 1, "text": "방안으로는", "type": "", "begin": 1, "end": 4}, {"id": 2, "text": "어렵습니다.", "type": "", "begin": 5, "end": 7}], "NE": [], "NE_Link": [], "dependency": [], "SRL": []}, {"id": 3, "reserve_str": "", "text": " 기본소득만이 정답은 아닙니다.", "morp": [{"id": 0, "lemma": "기본", "type": "NNG", "position": 161, "weight": 0.0646064}, {"id": 1, "lemma": "소득", "type": "NNG", "position": 167, "weight": 0.0344793}, {"id": 2, "lemma": "만", "type": "JX", "position": 173, "weight": 0.0537846}, {"id": 3, "lemma": "이", "type": "JKS", "position": 176, "weight": 0.0546115}, {"id": 4, "lemma": "정답", "type": "NNG", "position": 180, "weight": 0.038156}, {"id": 5, "lemma": "은", "type": "JX", "position": 186, "weight": 0.0862095}, {"id": 6, "lemma": "아니", "type": "VCN", "position": 190, "weight": 0.0626757}, {"id": 7, "lemma": "ㅂ니다", "type": "EF", "position": 193, "weight": 0.104109}, {"id": 8, "lemma": ".", "type": "SF", "position": 202, "weight": 1.0}], "WSD": [], "word": [{"id": 0, "text": "기본소득만이", "type": "", "begin": 0, "end": 3}, {"id": 1, "text": "정답은", "type": "", "begin": 4, "end": 5}, {"id": 2, "text": "아닙니다.", "type": "", "begin": 6, "end": 8}], "NE": [], "NE_Link": [], "dependency": [], "SRL": []}, {"id": 4, "reserve_str": "", "text": " 안심소득은 저소득층에게 효과가 더 좋을텐데,.", "morp": [{"id": 0, "lemma": "안심", "type": "NNG", "position": 204, "weight": 0.0579496}, {"id": 1, "lemma": "소득", "type": "NNG", "position": 210, "weight": 0.0261585}, {"id": 2, "lemma": "은", "type": "JX", "position": 216, "weight": 0.0565972}, {"id": 3, "lemma": "저", "type": "XPN", "position": 220, "weight": 0.0735644}, {"id": 4, "lemma": "소득", "type": "NNG", "position": 223, "weight": 0.0735644}, {"id": 5, "lemma": "층", "type": "XSN", "position": 229, "weight": 0.0735644}, {"id": 6, "lemma": "에게", "type": "JKB", "position": 232, "weight": 0.0626152}, {"id": 7, "lemma": "효과", "type": "NNG", "position": 239, "weight": 0.0899712}, {"id": 8, "lemma": "가", "type": "JKS", "position": 245, "weight": 0.0673925}, {"id": 9, "lemma": "더", "type": "MAG", "position": 249, "weight": 0.0967679}, {"id": 10, "lemma": "좋", "type": "VA", "position": 253, "weight": 0.131491}, {"id": 11, "lemma": "을", "type": "ETM", "position": 256, "weight": 0.0669638}, {"id": 12, "lemma": "터", "type": "NNB", "position": 259, "weight": 0.0847089}, {"id": 13, "lemma": "이", "type": "VCP", "position": 259, "weight": 0.0847089}, {"id": 14, "lemma": "ㄴ데", "type": "EC", "position": 259, "weight": 0.0660444}, {"id": 15, "lemma": ",", "type": "SP", "position": 265, "weight": 1.0}, {"id": 16, "lemma": ".", "type": "SF", "position": 266, "weight": 1.0}], "WSD": [], "word": [{"id": 0, "text": "안심소득은", "type": "", "begin": 0, "end": 2}, {"id": 1, "text": "저소득층에게", "type": "", "begin": 3, "end": 6}, {"id": 2, "text": "효과가", "type": "", "begin": 7, "end": 8}, {"id": 3, "text": "더", "type": "", "begin": 9, "end": 9}, {"id": 4, "text": "좋을텐데,.", "type": "", "begin": 10, "end": 16}], "NE": [], "NE_Link": [], "dependency": [], "SRL": []}, {"id": 5, "reserve_str": "", "text": " 기본소득은 민주주의 효과가 있습니다.", "morp": [{"id": 0, "lemma": "기본", "type": "NNG", "position": 268, "weight": 0.0639898}, {"id": 1, "lemma": "소득", "type": "NNG", "position": 274, "weight": 0.0329951}, {"id": 2, "lemma": "은", "type": "JX", "position": 280, "weight": 0.0752796}, {"id": 3, "lemma": "민주", "type": "NNG", "position": 284, "weight": 0.0971443}, {"id": 4, "lemma": "주의", "type": "NNG", "position": 290, "weight": 0.0971443}, {"id": 5, "lemma": "효과", "type": "NNG", "position": 297, "weight": 0.0781769}, {"id": 6, "lemma": "가", "type": "JKS", "position": 303, "weight": 0.0889547}, {"id": 7, "lemma": "있", "type": "VA", "position": 307, "weight": 0.0862676}, {"id": 8, "lemma": "습니다", "type": "EF", "position": 310, "weight": 0.062024}, {"id": 9, "lemma": ".", "type": "SF", "position": 319, "weight": 1.0}], "WSD": [], "word": [{"id": 0, "text": "기본소득은", "type": "", "begin": 0, "end": 2}, {"id": 1, "text": "민주주의", "type": "", "begin": 3, "end": 4}, {"id": 2, "text": "효과가", "type": "", "begin": 5, "end": 6}, {"id": 3, "text": "있습니다.", "type": "", "begin": 7, "end": 9}], "NE": [], "NE_Link": [], "dependency": [], "SRL": []}, {"id": 6, "reserve_str": "", "text": " 안심소득은 대신에 절세효과가 있어요.", "morp": [{"id": 0, "lemma": "안심", "type": "NNG", "position": 321, "weight": 0.0640975}, {"id": 1, "lemma": "소득", "type": "NNG", "position": 327, "weight": 0.0292364}, {"id": 2, "lemma": "은", "type": "JX", "position": 333, "weight": 0.0613171}, {"id": 3, "lemma": "대신", "type": "NNG", "position": 337, "weight": 0.0883873}, {"id": 4, "lemma": "에", "type": "JKB", "position": 343, "weight": 0.0878407}, {"id": 5, "lemma": "절세", "type": "NNG", "position": 347, "weight": 0.0548077}, {"id": 6, "lemma": "효과", "type": "NNG", "position": 353, "weight": 0.0555571}, {"id": 7, "lemma": "가", "type": "JKS", "position": 359, "weight": 0.0810248}, {"id": 8, "lemma": "있", "type": "VA", "position": 363, "weight": 0.083539}, {"id": 9, "lemma": "어요", "type": "EF", "position": 366, "weight": 0.0658107}, {"id": 10, "lemma": ".", "type": "SF", "position": 372, "weight": 1.0}], "WSD": [], "word": [{"id": 0, "text": "안심소득은", "type": "", "begin": 0, "end": 2}, {"id": 1, "text": "대신에", "type": "", "begin": 3, "end": 4}, {"id": 2, "text": "절세효과가", "type": "", "begin": 5, "end": 7}, {"id": 3, "text": "있어요.", "type": "", "begin": 8, "end": 10}], "NE": [], "NE_Link": [], "dependency": [], "SRL": []}, {"id": 7, "reserve_str": "", "text": " 복지적 효과도 생각해주세요.", "morp": [{"id": 0, "lemma": "복지", "type": "NNG", "position": 374, "weight": 0.072303}, {"id": 1, "lemma": "적", "type": "XSN", "position": 380, "weight": 0.0583721}, {"id": 2, "lemma": "효과", "type": "NNG", "position": 384, "weight": 0.0715694}, {"id": 3, "lemma": "도", "type": "JX", "position": 390, "weight": 0.115111}, {"id": 4, "lemma": "생각", "type": "NNG", "position": 394, "weight": 0.0581938}, {"id": 5, "lemma": "하", "type": "XSV", "position": 400, "weight": 0.0581938}, {"id": 6, "lemma": "여", "type": "EC", "position": 400, "weight": 0.0652481}, {"id": 7, "lemma": "주", "type": "VX", "position": 403, "weight": 0.118711}, {"id": 8, "lemma": "세요", "type": "EF", "position": 406, "weight": 0.0418216}, {"id": 9, "lemma": ".", "type": "SF", "position": 412, "weight": 1.0}], "WSD": [], "word": [{"id": 0, "text": "복지적", "type": "", "begin": 0, "end": 1}, {"id": 1, "text": "효과도", "type": "", "begin": 2, "end": 3}, {"id": 2, "text": "생각해주세요.", "type": "", "begin": 4, "end": 9}], "NE": [], "NE_Link": [], "dependency": [], "SRL": []}, {"id": 8, "reserve_str": "", "text": " <100분토론> 마치겠습니다.", "morp": [{"id": 0, "lemma": "<", "type": "SS", "position": 414, "weight": 1.0}, {"id": 1, "lemma": "100", "type": "SN", "position": 415, "weight": 1.0}, {"id": 2, "lemma": "분", "type": "NNB", "position": 418, "weight": 0.0327117}, {"id": 3, "lemma": "토론", "type": "NNG", "position": 421, "weight": 0.0323826}, {"id": 4, "lemma": ">", "type": "SS", "position": 427, "weight": 1.0}, {"id": 5, "lemma": "마치", "type": "VV", "position": 429, "weight": 0.0452519}, {"id": 6, "lemma": "겠", "type": "EP", "position": 435, "weight": 0.0625223}, {"id": 7, "lemma": "습니다", "type": "EF", "position": 438, "weight": 0.0572181}, {"id": 8, "lemma": ".", "type": "SF", "position": 447, "weight": 1.0}], "WSD": [], "word": [{"id": 0, "text": "<100분토론>", "type": "", "begin": 0, "end": 4}, {"id": 1, "text": "마치겠습니다.", "type": "", "begin": 5, "end": 8}], "NE": [], "NE_Link": [], "dependency": [], "SRL": []}]